ClienteID,Nombre,Apellido,Estado,FechaNacimiento,Segmento
C00001,Ana,Flores,Sinaloa,1963-01-07,Oro
C00002,,García,Jalisco,1975-03-13,Bronce
C00003,Alejandro,Morales,Ciudad de México,1987-03-30,Plata
C00004,Luis,Mendoza,Nuevo León,2000-06-23,Bronce
C00005,Mariana,Ramírez,Sinaloa,1955-11-23,Bronce
C00006,Sofía,Mendoza,Coahuila,1966-01-07,Bronce
C00007,Diego,Rodríguez,Sonora,1986-06-07,Plata
C00008,Carlos,Pérez,Sonora,1991-04-30,Bronce
C00009,Laura,Vargas,Ciudad de México,1992-07-08,Bronce
C00010,Carlos,Díaz,Veracruz,1997-09-10,Bronce
C00011,Laura,Hernández,Ciudad de México,1955-09-25,Bronce
C00012,Paola,García,Nuevo León,1980-10-16,Plata
C00013,Jorge,García,Veracruz,1981-10-26,Oro
C00014,Mariana,Rodríguez,Jalisco,1969-01-27,Plata
C00015,Daniela,Flores,Yucatán,2003-05-30,Bronce
C00016,Diego,Díaz,Coahuila,1994-01-08,Bronce
C00017,Eduardo,hernández,Sinaloa,1995-02-16,Plata
C00018,Paola,González,Coahuila,2000-07-12,Bronce
C00019,Andrés, Ortiz ,Ciudad de México,1995-11-03,Bronce
C00020,Andrés,Rodríguez,Tamaulipas,1956-02-23,Oro
C00021,Ana,García,Sinaloa,1964-05-09,Bronce
C00022,Valeria,López,Tamaulipas,1990-07-12,Bronce
C00023,Diego,Castillo,Ciudad de México,1985-11-04,Plata
C00024,Sofía,Martínez,Ciudad de México,1979-07-03,Bronce
C00025,Sofía,Morales,Baja California,1987-06-28,Plata
C00026,Paola,García,Tamaulipas,1984-04-19,Bronce
C00027,Eduardo,Gómez,Coahuila,1985-04-02,Plata
C00028,Sofía,Rodríguez,Nuevo León,1998-06-20,Bronce
C00029,Daniela,Torres,Puebla,1963-12-29,Oro
C00030,Gabriela,Ramírez,Chihuahua,1958-03-10,Plata
C00031,María,Mendoza,Baja California,2004-06-18,Oro
C00032,Fernanda,Ramírez,Coahuila,1961-11-21,Bronce
C00033,Daniela,Mendoza,Baja California,1955-06-05,Bronce
C00034,Mariana,Pérez,Nuevo León,1981-07-11,Plata
C00035,Gabriela,Díaz,Tamaulipas,1955-04-17,Bronce
C00036,Sofía,Flores,sonora,1978-12-29,Plata
C00037,Paola,Rivera,Coahuila,2001-12-01,Bronce
C00038,Eduardo,García,Tamaulipas,1970-10-09,Bronce
C00039,Sofía,Martínez,Sonora,1970-06-26,Plata
C00040,Valeria,Ramírez,Nuevo León,1972-03-28,Plata
C00041,Eduardo,Sánchez,Nuevo León,1962-06-12,Oro
C00042,Sofía,Gómez,Jalisco,1974-06-21,Plata
C00043,Sofía,García,Nuevo León,1986-03-15,Bronce
C00044,Carlos,Vargas,Chihuahua,1969-07-31,Oro
C00045,Ana,Hernández,Baja California,1998-03-26,Bronce
C00046,Jorge,Mendoza,Baja California,1967-11-09,Platino
C00047,Ana,González,Sinaloa,1965-05-02,Bronce
C00048,Alejandro,Ramírez,Puebla,1984-06-22,Bronce
C00049,Daniela,Sánchez,Chihuahua,2003-03-23,Bronce
C00050,Carlos,Jiménez,Sonora,1981-11-21,Plata
C00051,Miguel,Jiménez,Yucatán,1986-12-08,Oro
C00052,Ana,Jiménez,Coahuila,2002-05-19,Platino
C00053,María,Vargas,Nuevo León,1980-03-26,Bronce
C00054,Jorge,López,Chihuahua,1955-02-21,Plata
C00055,,Pérez,Coahuila,1992-03-09,Oro
C00056,Gabriela,Flores,Tamaulipas,1969-07-28,Plata
C00057,Diego,Rivera,Ciudad de México,2005-08-21,Bronce
C00058,Mariana,González,Coahuila,1969-06-02,Oro
C00059,Carlos,Vargas,Puebla,1999-11-04,Platino
C00060,,Vargas,Chihuahua,1988-11-22,Bronce
C00061,Valeria,Morales,Ciudad de México,1961-07-06,Plata
C00062,Mariana,Morales,Sinaloa,1981-03-27,Oro
C00063,Fernanda,Castillo,Puebla,1963-09-06,Plata
C00064,Andrés,Mendoza,Yucatán,1997-01-21,Oro
C00065,Jorge,Ramírez,Yucatán,1978-11-08,Plata
C00066,Sofía,Hernández,Yucatán,1975-09-01,Bronce
C00067,Carlos,Jiménez,Sonora,1999-08-31,Plata
C00068,Andrés,Ramírez,Jalisco,1988-12-11,Oro
C00069,Sofía,Flores,Jalisco,2004-10-19,Bronce
C00070,Gabriela,Sánchez,Veracruz,1990-12-08,Bronce
C00071,Valeria,Morales,Veracruz,1977-04-15,Bronce
C00072,Diego,Díaz,Coahuila,2004-06-27,Plata
C00073,Daniela,López,Nuevo León,1986-08-04,Bronce
C00074,Eduardo,Flores,Veracruz,1961-08-14,Oro
C00075,Jorge,Díaz,Baja California,1974-07-31,Platino
C00076,Andrés,Rivera,Nuevo León,1992-10-13,Bronce
C00077,Mariana,Flores,Tamaulipas,1964-03-25,Oro
C00078,Diego,López,Puebla,1958-04-13,Plata
C00079,Valeria,Rodríguez,Tamaulipas,1980-10-31,Bronce
C00080,Valeria,Jiménez,Nuevo León,1986-05-08,Plata
C00081,Valeria,Morales,Yucatán,2001-07-17,Bronce
C00082,Luis,Rodríguez,Tamaulipas,1960-06-07,Oro
C00083,Miguel,Sánchez,Coahuila,1966-08-28,Plata
C00084,Alejandro,Sánchez,Puebla,1958-02-18,Plata
C00085,Mariana,González,Ciudad de México,1963-10-10,Oro
C00086,Sofía,González,Veracruz,1986-02-19,Bronce
C00087,,Martínez,Veracruz,1980-06-21,Bronce
C00088,Eduardo,Rodríguez,Veracruz,1997-10-21,Plata
C00089,Mariana,González,Sinaloa,1992-12-11,Bronce
C00090,Carlos,Sánchez,Sinaloa,1961-12-26,Bronce
C00091,Ricardo,Torres,Puebla,1981-04-21,Bronce
C00092,Laura,Pérez,Yucatán,1992-12-17,Plata
C00093,Daniela,Jiménez,Sinaloa,1980-09-10,Plata
C00094,Ana,Torres,Tamaulipas,1970-09-12,Bronce
C00095,Gabriela,Gómez,,1995-12-16,Plata
C00096,Ana,Castillo,Ciudad de México,1962-12-30,Oro
C00097,Miguel,González,Veracruz,1960-01-28,Oro
C00098,Jorge,Castillo,Sinaloa,2001-04-28,Platino
C00099,Ricardo,Mendoza,Baja California,1966-09-11,Bronce
C00100,Jorge,Gómez,Veracruz,1978-04-21,Bronce
C00101,Paola,Gómez,Veracruz,1976-05-13,Plata
C00102,María,Rivera,Coahuila,1989-10-15,Bronce
C00103,Diego,Rodríguez,Chihuahua,1986-06-20,Plata
C00104,Diego,Gómez,Nuevo León,1986-01-21,Bronce
C00105,Miguel,Ramírez,Sinaloa,1987-08-21,Plata
C00106,Ana,Flores,Baja California,1983-12-21,Oro
C00107,Daniela,López,Yucatán,1982-12-29,Plata
C00108,Miguel,Hernández,Chihuahua,1964-05-06,Oro
C00109,Alejandro,Ramírez,Ciudad de México,1999-07-16,Plata
C00110,Alejandro,,Yucatán,1976-04-01,Oro
C00111,Diego,Castillo,Yucatán,1971-11-12,Oro
C00112,Daniela,Torres,Puebla,1995-08-05,Plata
C00113,Valeria,Mendoza,Veracruz,1989-06-25,Bronce
C00114,Paola,Hernández,Nuevo León,1968-03-01,Bronce
C00115,Luis,Hernández,Veracruz,1996-09-29,Plata
C00116,Fernanda,López,Sinaloa,1959-03-04,Plata
C00117,Luis,Rodríguez,Puebla,1968-03-16,Plata
C00118,Diego,Gómez,Coahuila,1989-09-02,Oro
C00119,Daniela,Sánchez,Chihuahua,2001-05-29,Platino
C00120,Paola,Jiménez,Sonora,1993-02-12,Plata
C00121,Laura,Mendoza,Baja California,1998-02-01,Platino
C00122,Jorge,García,Coahuila,1996-12-24,Oro
C00123,Alejandro,Gómez,Baja California,1985-05-21,Oro
C00124,Eduardo,Gómez,Puebla,1986-04-14,Oro
C00125,Miguel,Ortiz,Jalisco,1974-04-23,Bronce
C00126,Alejandro,Torres,Yucatán,1970-01-27,Bronce
C00127,Paola,Hernández,Veracruz,1958-05-27,Oro
C00128,Daniela,García,Tamaulipas,1963-10-24,Plata
C00129,Mariana,Martínez,Veracruz,1989-07-31,Bronce
C00130,Miguel,Vargas,Jalisco,1970-06-27,Oro
C00131,Daniela,Hernández,Coahuila,1994-11-30,Bronce
C00132,Ana,Morales,Ciudad de México,1955-02-07,Bronce
C00133,Valeria,López,Chihuahua,2004-12-23,Platino
C00134,Jorge,Jiménez,Ciudad de México,1967-11-28,Plata
C00135,Daniela,López,Sinaloa,1989-01-27,Bronce
C00136,Fernanda,Díaz,Coahuila,1979-05-17,Bronce
C00137,Valeria,García,Ciudad de México,1973-06-06,Oro
C00138,Mariana,Morales,Veracruz,1997-04-11,Bronce
C00139,Daniela,Hernández,Baja California,1995-12-09,Oro
C00140,Daniela,Sánchez,Baja California,1968-02-10,Bronce
C00141,Paola,Ortiz,Yucatán,1996-07-15,Bronce
C00142,,Rivera,Nuevo León,1960-08-31,Oro
C00143,Diego,Rodríguez,Ciudad de México,2004-10-06,Bronce
C00144,,Gómez,Tamaulipas,1970-09-17,Bronce
C00145,Valeria,Gómez,Tamaulipas,2003-02-17,Bronce
C00146,Daniela,López,Chihuahua,1995-12-16,Bronce
C00147,Valeria,Torres,Nuevo León,1981-06-25,Plata
C00148,Alejandro,Martínez,Chihuahua,2003-03-05,Bronce
C00149,José,Torres,Ciudad de México,1960-04-03,Oro
C00150,Luis,González,Yucatán,1958-10-31,Oro
C00151,Mariana,Pérez,Sinaloa,1991-09-28,Bronce
C00152,Jorge,Gómez,Coahuila,1994-09-05,Bronce
C00153,Miguel,Torres,Sinaloa,1958-06-15,Plata
C00154,Fernanda,Flores,Yucatán,1978-05-01,Oro
C00155,María,López,Baja California,1956-04-16,Bronce
C00156,,Rodríguez,Coahuila,1978-03-17,Bronce
C00157,Luis,Rodríguez,Veracruz,1990-02-13,Bronce
C00158,Daniela,Vargas,Sinaloa,1980-11-05,Bronce
C00159,Sofía,Sánchez,Ciudad de México,1972-05-21,Bronce
C00160,Laura,Díaz,Puebla,1993-05-25,Bronce
C00161,Jorge,Ortiz,Jalisco,1980-05-03,Bronce
C00162,Ana,López,Sonora,2001-06-02,Oro
C00163,Andrés,Hernández,Ciudad de México,1958-05-20,Plata
C00164,Eduardo,Vargas,Coahuila,1961-07-04,Bronce
C00165,José,Rodríguez,Tamaulipas,1977-08-07,Bronce
C00166,Luis,Rodríguez,Sonora,1968-02-05,Oro
C00167,Carlos,Mendoza,Ciudad de México,1960-04-12,Plata
C00168,Jorge,Torres,Tamaulipas,1990-04-17,Bronce
C00169,Andrés,Gómez,Ciudad de México,1970-10-20,Bronce
C00170,Laura,Martínez,Ciudad de México,1955-04-19,Bronce
C00171,Diego,Pérez,Tamaulipas,1998-07-04,Bronce
C00172,Paola,Ramírez,Nuevo León,1990-01-24,Bronce
C00173,Ana,García,Nuevo León,1994-03-27,Bronce
C00174,José,González,Nuevo León,1978-04-12,Bronce
C00175,Carlos,Mendoza,Baja California,1959-08-09,Bronce
C00176,Laura,Morales,Baja California,1977-10-26,Bronce
C00177,Laura,Rivera,Yucatán,1968-06-04,Bronce
C00178,Andrés,Rivera,Ciudad de México,1992-06-28,Bronce
C00179,Paola,Rodríguez,Tamaulipas,1990-09-10,Plata
C00180,Laura,Ortiz,Puebla,1973-05-03,Plata
C00181,Laura,Torres,Sinaloa,1974-01-22,Bronce
C00182,Paola,Martínez,Tamaulipas,1961-12-13,Bronce
C00183,Diego,Hernández,Jalisco,1974-12-17,Bronce
C00184,Eduardo,Rivera,Puebla,1988-01-05,Bronce
C00185,Paola,López,Sonora,1963-08-01,Bronce
C00186,Ricardo,Torres,Veracruz,1994-08-27,Platino
C00187,Gabriela,Castillo,Jalisco,1988-11-21,Bronce
C00188,Sofía,Torres,Chihuahua,2003-03-26,Bronce
C00189,Alejandro,gómez,Yucatán,1971-11-07,Plata
C00190,María,Vargas,Yucatán,1969-09-06,Plata
C00191,Luis,Ramírez,Sinaloa,1990-07-13,Platino
C00192,Daniela,Ramírez,Nuevo León,1989-11-17,Bronce
C00193,Diego,Hernández,Ciudad de México,1974-09-17,Bronce
C00194,Carlos,Díaz,Sonora,1993-12-30,Oro
C00195,Valeria,García,Baja California,1992-01-06,Platino
C00196,Andrés,Pérez,Jalisco,1978-03-20,Platino
C00197,Sofía,Pérez,Ciudad de México,1998-08-30,Platino
C00198,Carlos,López,Veracruz,2002-07-20,Bronce
C00199,Andrés,Vargas,Coahuila,1988-10-18,Oro
C00200,Ana,Vargas,Sinaloa,1993-08-27,Bronce
C00201,Alejandro,López,Ciudad de México,1997-04-25,Bronce
C00202,Alejandro,Flores,Coahuila,1961-12-07,Plata
C00203,Jorge,González,Sinaloa,1977-10-21,Bronce
C00204,Daniela,González,Yucatán,1983-03-13,Plata
C00205,Ana,Martínez,Baja California,1965-04-29,Bronce
C00206,Andrés,Torres,Baja California,1978-07-15,Plata
C00207,Luis,Mendoza,Chihuahua,1969-12-25,Bronce
C00208,Carlos,Gómez,Chihuahua,1967-05-05,Plata
C00209,Andrés,García,Yucatán,1969-01-23,Plata
C00210,Miguel,González,Yucatán,1961-11-01,Bronce
C00211,Jorge,Rodríguez,Yucatán,1994-01-20,Plata
C00212,Fernanda,Martínez,Veracruz,1982-05-27,Bronce
C00213,Alejandro,Martínez,Baja California,2000-04-21,Bronce
C00214,Mariana,Mendoza,Sonora,2001-06-09,Plata
C00215,Mariana,Díaz,Sinaloa,1956-12-12,Oro
C00216,Diego,Martínez,Puebla,1993-09-01,Oro
C00217,Eduardo,Flores,Baja California,1960-02-02,Oro
C00218,Ricardo,Rodríguez,Puebla,1962-09-10,Plata
C00219,Sofía,Rodríguez,Baja California,1958-03-21,Bronce
C00220,María,Sánchez,Baja California,1997-11-17,Bronce
C00221,Paola,Jiménez,Sonora,1981-11-03,Bronce
C00222,Gabriela,Ortiz,Coahuila,1966-03-27,Bronce
C00223,Miguel,Flores,Sinaloa,1991-10-30,Bronce
C00224,Diego,Pérez,Jalisco,1996-05-16,Oro
C00225,Ricardo,Ortiz,Nuevo León,1967-04-24,Plata
C00226,Sofía,González,Chihuahua,2001-11-04,Platino
C00227,Jorge,García,Sonora,2001-05-20,Oro
C00228,Sofía,López,Nuevo León,1978-01-31,Plata
C00229,Fernanda,Flores,Sonora,1964-02-08,Bronce
C00230,Miguel,Vargas,Veracruz,1990-09-03,Bronce
C00231,Ricardo,gonzález,Baja California,1991-08-09,Bronce
C00232,Laura,Rivera,Coahuila,1979-03-21,Bronce
C00233,Fernanda,Pérez,Ciudad de México,1992-05-12,Oro
C00234,Fernanda,Hernández,Veracruz,1976-07-18,Oro
C00235,Jorge,Gómez,Tamaulipas,1999-07-05,Plata
C00236,Valeria,Torres,Jalisco,1979-01-25,Bronce
C00237,Carlos,Sánchez,Sinaloa,1958-09-06,Plata
C00238,Gabriela,Mendoza,Veracruz,1972-01-19,Oro
C00239,,Mendoza,Tamaulipas,1994-08-05,Bronce
C00240,Diego,Jiménez,Veracruz,1973-07-27,Bronce
C00241,Daniela,González,Tamaulipas,1989-04-21,Oro
C00242,José,Rivera,Jalisco,1964-07-18,Oro
C00243,María,Sánchez,Puebla,1968-11-26,Oro
C00244,Valeria,González,Sinaloa,1987-10-04,Plata
C00245,Valeria,Flores,Sonora,1998-12-10,Plata
C00246,Ricardo,Rivera,Chihuahua,2004-05-28,Oro
C00247,Daniela,Castillo,Ciudad de México,1956-01-23,Plata
C00248,Ricardo,Flores,Sonora,1963-04-15,Bronce
C00249,María,Rivera,Jalisco,1984-03-14,Plata
C00250,Carlos,Mendoza,Yucatán,1974-10-16,Oro
C00251,Valeria,Martínez,Tamaulipas,2003-03-10,Plata
C00252,María,García,Sonora,1969-05-01,Plata
C00253,Ana,Martínez,Nuevo León,1982-06-03,Bronce
C00254,Jorge,Rodríguez,Coahuila,1994-02-25,Bronce
C00255,Gabriela,Pérez,Sonora,1990-08-18,Bronce
C00256,Valeria,Ramírez,Nuevo León,1973-04-08,Bronce
C00257,Andrés,Díaz,Chihuahua,1994-07-15,Bronce
C00258,Diego,Morales,Ciudad de México,1955-03-21,Plata
C00259,Daniela,Díaz,Baja California,1959-05-09,Bronce
C00260,Carlos, Morales ,Coahuila,1970-11-14,Bronce
C00261,Diego,Flores,Veracruz,1996-03-13,Plata
C00262,Valeria,Morales,Puebla,1979-02-08,Oro
C00263,Fernanda,Ortiz,Jalisco,1960-01-29,Plata
C00264,Ricardo,Rivera,Sinaloa,1963-01-15,Platino
C00265,,Vargas,Sonora,1958-11-21,Plata
C00266,Sofía,Rivera,Puebla,1963-10-21,Bronce
C00267,Daniela,Sánchez,Coahuila,1999-08-07,Oro
C00268,Sofía,Pérez,Sinaloa,1962-05-10,Plata
C00269,Sofía,Ortiz,,1974-09-04,Plata
C00270,José,Ortiz,Veracruz,1998-05-04,Plata
C00271,Laura,Martínez,Yucatán,1967-09-18,Bronce
C00272,Gabriela,Ramírez,Ciudad de México,1964-05-22,Bronce
C00273,Laura,Gómez,Veracruz,1975-12-26,Platino
C00274,Ana,Sánchez,Jalisco,1980-09-28,Bronce
C00275,Ana,Flores,Jalisco,1975-12-02,Plata
C00276,José,vargas,Yucatán,1972-12-27,Bronce
C00277,Miguel,González,Yucatán,1959-06-23,Plata
C00278,Ana,Morales,Chihuahua,2004-12-12,Plata
C00279,Miguel,Ramírez,Veracruz,1957-05-17,Bronce
C00280,Diego,Rodríguez,Baja California,1991-03-20,Bronce
C00281,Ricardo,Hernández,Yucatán,2004-12-18,Bronce
C00282,Mariana,García,Chihuahua,1979-05-06,Bronce
C00283,Andrés,Martínez,Baja California,1959-03-13,Platino
C00284,Luis,García,Baja California,2001-01-09,Oro
C00285,Ana,Flores,Sonora,1965-02-17,Bronce
C00286,Andrés,Ortiz,Tamaulipas,1967-06-04,Bronce
C00287,Carlos,García,Jalisco,1964-08-23,Bronce
C00288,María,Martínez,Tamaulipas,1956-12-30,Bronce
C00289,Mariana,Ortiz,Sinaloa,1979-12-29,Bronce
C00290,Carlos,Gómez,Veracruz,1968-10-17,Bronce
C00291,Andrés,Vargas,,1988-12-02,Oro
C00292,Eduardo,Rivera,Ciudad de México,1982-08-20,Plata
C00293,Sofía,Jiménez,Coahuila,1967-11-04,Bronce
C00294,Andrés,González,Nuevo León,2003-12-27,Oro
C00295,Fernanda,Castillo,Jalisco,1971-07-09,Plata
C00296,Jorge,Ramírez,Puebla,1974-05-31,Plata
C00297,Jorge,García,Sonora,1975-03-14,Plata
C00298,Ana,Ramírez,Baja California,1986-07-18,Plata
C00299,Andrés,Ramírez,Chihuahua,2001-03-12,Plata
C00300,Laura,Flores,Sonora,1982-06-18,Oro
C00301,Diego,Martínez,Jalisco,1996-12-31,Plata
C00302,Ana,Ortiz,Coahuila,1989-12-07,Plata
C00303,Diego,Rodríguez,Sinaloa,1967-08-21,Plata
C00304,Laura,Jiménez,Nuevo León,1977-12-12,Plata
C00305,Ana,mendoza,Nuevo León,1990-06-13,Bronce
C00306,Ricardo,Hernández,Coahuila,1968-12-04,Oro
C00307,María,Morales,Jalisco,1988-07-16,Bronce
C00308,Diego,Ramírez,Sonora,1981-12-09,Plata
C00309,Jorge,Flores,Jalisco,1969-01-29,Platino
C00310,Ricardo,Pérez,Nuevo León,1975-08-16,Oro
C00311,Carlos,Ramírez,Nuevo León,1974-01-31,Oro
C00312,Mariana,Vargas,Veracruz,1957-01-03,Plata
C00313,Valeria,Rivera,Nuevo León,1981-12-03,Bronce
C00314,Jorge,Rodríguez,Tamaulipas,2003-03-28,Bronce
C00315,Gabriela,Morales,Sonora,1984-07-30,Platino
C00316,Sofía,Torres,Yucatán,2004-09-06,Plata
C00317,Diego,Morales,Puebla,1996-10-05,Plata
C00318,Mariana,Morales,Tamaulipas,1963-03-11,Plata
C00319,Gabriela,Ortiz,Sonora,1979-07-19,Bronce
C00320,Mariana,Gómez,Jalisco,2001-05-30,Plata
C00321,Fernanda,Morales,Puebla,1973-10-16,Oro
C00322,María,Morales,Baja California,1996-03-04,Plata
C00323,Eduardo,Castillo,Nuevo León,1989-08-10,Bronce
C00324,Andrés,Ramírez,Jalisco,1994-08-14,Plata
C00325,María,Pérez,Coahuila,1975-03-11,Oro
C00326,Diego,Flores,Yucatán,1990-01-03,Plata
C00327,Eduardo,Ramírez,Coahuila,1986-08-14,Bronce
C00328,María,Pérez,Sonora,1987-11-03,Plata
C00329,José,González,Chihuahua,1964-05-24,Bronce
C00330,María,Vargas,Ciudad de México,1984-11-03,Plata
C00331,Ana,Rivera,Sinaloa,1981-01-08,Oro
C00332,Eduardo,Ortiz,Coahuila,1965-08-15,Plata
C00333,Ana,Flores,Ciudad de México,2004-02-12,Plata
C00334,Luis,Rodríguez,Puebla,2004-12-30,Bronce
C00335,Ricardo,Castillo,Jalisco,1987-11-10,Plata
C00336,Eduardo,Torres,Tamaulipas,1999-08-04,Bronce
C00337,Andrés,García,Veracruz,1961-08-23,Plata
C00338,Sofía,López,Puebla,1956-03-19,Bronce
C00339,Paola,Flores,,2000-07-16,Bronce
C00340,Daniela,López,Sinaloa,2004-08-22,Plata
C00341,Eduardo,Castillo,Baja California,1974-12-05,Platino
C00342,María,López,Sinaloa,1983-04-19,Bronce
C00343,Gabriela,Torres,Tamaulipas,1973-04-03,Bronce
C00344,Ricardo,Gómez,Yucatán,1993-11-01,Bronce
C00345,Daniela,,Veracruz,1966-12-27,Oro
C00346,Jorge,Vargas,Sonora,1997-07-10,Oro
C00347,Carlos,Hernández,Sonora,1970-03-24,Oro
C00348,Miguel,López,Nuevo León,1969-01-09,Bronce
C00349,Fernanda,García,Veracruz,1957-05-13,Platino
C00350,Paola,Mendoza,Puebla,1960-09-17,Bronce
C00351,Alejandro,Ramírez,Tamaulipas,1970-07-12,Plata
C00352,Jorge,Sánchez,Puebla,1981-04-25,Bronce
C00353,Gabriela,González,Ciudad de México,1967-03-27,Bronce
C00354,Ricardo,Ortiz,Ciudad de México,1982-11-16,Oro
C00355,Mariana,Gómez,Tamaulipas,1962-04-22,Bronce
C00356,Eduardo,Mendoza,Baja California,1968-08-19,Plata
C00357,Luis,Mendoza,Baja California,1972-12-25,Bronce
C00358,Fernanda,Castillo,Chihuahua,1978-02-02,Bronce
C00359,Gabriela,Vargas,Coahuila,1964-02-10,Plata
C00360,José,Sánchez,Jalisco,1960-10-19,Oro
C00361,eduardo,Rodríguez,Puebla,1963-03-08,Oro
C00362,Alejandro,García,Chihuahua,1995-05-23,Platino
C00363,Ana,Vargas,Sonora,2001-12-28,Bronce
C00364,Sofía,Flores,Nuevo León,2002-12-25,Oro
C00365,Eduardo,Ortiz,Ciudad de México,1971-12-21,Platino
C00366,Valeria,Torres,Tamaulipas,1955-02-08,Platino
C00367,Ricardo,García,Tamaulipas,1962-03-06,Oro
C00368,Sofía,García,Coahuila,1971-06-30,Plata
C00369,Eduardo,Castillo,Puebla,1972-03-02,Bronce
C00370,Luis,Ortiz,Sonora,1974-12-15,Plata
C00371,José,Sánchez,Coahuila,1958-04-19,Plata
C00372,Eduardo,López,Baja California,1963-08-26,Platino
C00373,Ricardo,Hernández,Yucatán,1998-05-29,Oro
C00374,Diego,Gómez,Sonora,2004-07-15,Oro
C00375,Eduardo,Castillo,Sonora,1989-04-19,Bronce
C00376,Laura,Pérez,Sinaloa,1966-08-09,Bronce
C00377,Paola,Martínez,Nuevo León,1968-11-21,Plata
C00378,,Ramírez,Veracruz,1993-04-18,Oro
C00379,Andrés,Vargas,Veracruz,2001-10-27,Oro
C00380,Daniela,Torres,Baja California,1973-08-09,Oro
C00381,Mariana,Flores,Yucatán,2002-02-25,Bronce
C00382,Daniela,Rivera,Yucatán,1990-02-05,Bronce
C00383,Paola,Flores,Coahuila,1975-07-20,Bronce
C00384,Mariana,Flores,Jalisco,1959-05-29,Bronce
C00385,Miguel,Hernández,Tamaulipas,1982-11-30,Bronce
C00386,Eduardo,Sánchez,Chihuahua,1969-11-10,Plata
C00387,José,Rivera,Sonora,1968-01-23,Bronce
C00388,Andrés,García,Coahuila,1988-09-14,Bronce
C00389,Sofía, Castillo ,Baja California,1986-11-13,Bronce
C00390,Jorge,López,chihuahua,1964-06-12,Oro
C00391,Daniela,García,Puebla,1968-10-05,Bronce
C00392,Sofía,Gómez,Ciudad de México,1975-03-07,Plata
C00393,sofía,Gómez,Sonora,2000-02-03,Oro
C00394,Luis,Gómez,Puebla,2004-11-11,Bronce
C00395,Ricardo,Rivera,Puebla,1975-08-10,Plata
C00396,Luis,Díaz,Baja California,1985-06-16,Oro
C00397,María,Sánchez,Nuevo León,2000-03-09,Plata
C00398,María,Hernández,Sinaloa,1960-05-13,Bronce
C00399,Valeria,Morales,Sinaloa,1973-06-22,Oro
C00400,Diego,González,Coahuila,1957-03-17,Plata
C00401,Jorge,Hernández,Veracruz,1982-06-17,Plata
C00402,Eduardo,González,Sinaloa,1972-08-11,Bronce
C00403,Miguel,Ortiz,Puebla,1986-08-08,Bronce
C00404,Sofía,Castillo,Sonora,2002-11-15,Bronce
C00405,Luis,López,Yucatán,1999-05-21,Plata
C00406,Daniela,Vargas,Yucatán,2003-07-28,Plata
C00407,Paola,Rivera,Tamaulipas,1977-07-24,Bronce
C00408,Jorge,Vargas,Ciudad de México,1966-08-16,Bronce
C00409,Diego,Morales,Sonora,1982-01-02,Bronce
C00410,Laura,Mendoza,Baja California,1979-11-04,Bronce
C00411,Ana,Gómez,Baja California,1986-03-30,Plata
C00412,Carlos,Jiménez,Veracruz,1993-01-16,Plata
C00413,María,Vargas,Veracruz,2004-05-02,Bronce
C00414,Diego,Gómez,Yucatán,2002-04-28,Platino
C00415,Mariana,Sánchez,Puebla,1970-10-05,Bronce
C00416,Andrés,Flores,Nuevo León,1965-11-29,Oro
C00417,Eduardo,Jiménez,Ciudad de México,1990-07-08,Oro
C00418,José,Castillo,Nuevo León,1979-01-14,Plata
C00419,Laura,Torres,Veracruz,1996-10-16,Oro
C00420,Miguel,Flores,Chihuahua,1979-11-22,Oro
C00421,Ana,Gómez,Jalisco,1989-12-11,Platino
C00422,Jorge,Vargas,Puebla,2003-08-01,Plata
C00423,Valeria,González,Veracruz,1970-06-28,Bronce
C00424,Laura,Martínez,Coahuila,1974-05-18,Bronce
C00425,Ricardo,Morales,Veracruz,1968-07-22,Platino
C00426,Miguel,Flores,Nuevo León,1971-04-28,Bronce
C00427,Daniela,Flores,Baja California,1990-11-12,Oro
C00428,Ricardo,Torres,Veracruz,1976-04-23,Plata
C00429,Ricardo,Díaz,Ciudad de México,1993-09-18,Platino
C00430,Gabriela,Torres,Sonora,1966-03-27,Plata
C00431,Ricardo,Díaz,Puebla,1968-12-26,Bronce
C00432,Laura,Flores,Nuevo León,1975-12-13,Bronce
C00433,Sofía,García,Sinaloa,2004-01-22,Bronce
C00434,María,Gómez,Baja California,1993-07-15,Oro
C00435,Laura,Hernández,Sinaloa,1992-09-24,Plata
C00436,Gabriela,Gómez,Jalisco,1975-09-12,Bronce
C00437,Paola,Hernández,Chihuahua,1956-07-06,Plata
C00438,Daniela,Mendoza,Ciudad de México,1959-11-04,Oro
C00439,Luis,González,Baja California,1960-10-09,Plata
C00440,Mariana,González,Nuevo León,1961-11-05,Plata
C00441,Paola,garcía,Nuevo León,1979-06-12,Plata
C00442,Daniela,López,Jalisco,1983-08-04,Oro
C00443,Fernanda,García,Ciudad de México,1993-07-12,Bronce
C00444,Ana,Morales,Veracruz,1972-09-03,Bronce
C00445,Daniela,López,Puebla,1975-12-10,Plata
C00446,Gabriela,González,Yucatán,1985-05-06,Bronce
C00447,Gabriela,Ortiz,Coahuila,1992-04-04,Bronce
C00448,José,Pérez,Coahuila,1962-03-28,Plata
C00449,Valeria,Gómez,Tamaulipas,1970-07-10,Bronce
C00450,Jorge,Martínez,Tamaulipas,1972-11-10,Bronce
C00451,Valeria,Sánchez,Tamaulipas,1992-05-09,Bronce
C00452,José,Torres,Jalisco,2002-08-26,Bronce
C00453,María,Ortiz,Tamaulipas,1995-11-24,Oro
C00454,Carlos,Ramírez,Veracruz,1957-03-28,Oro
C00455,Paola,Sánchez,Sonora,1971-01-17,Bronce
C00456,Sofía,Mendoza,Nuevo León,1994-10-14,Bronce
C00457,Fernanda,Sánchez,Jalisco,1971-12-07,Bronce
C00458,Laura,Díaz,Nuevo León,1997-08-25,Bronce
C00459,Eduardo,Jiménez,Jalisco,2005-03-23,Bronce
C00460,Daniela,Rivera,Chihuahua,1982-06-01,Bronce
C00461,Carlos,Morales,Nuevo León,1968-03-15,Bronce
C00462,Andrés,Rivera,Nuevo León,1994-10-12,Plata
C00463,Ana,Morales,Nuevo León,1964-06-04,Bronce
C00464,José,Pérez,Nuevo León,1988-04-01,Bronce
C00465,Ana,Rivera,Veracruz,1968-01-14,Oro
C00466,Valeria,Ortiz,Ciudad de México,1961-09-14,Bronce
C00467,Mariana,,Veracruz,1974-11-28,Bronce
C00468,Ricardo,López,Nuevo León,1981-05-27,Bronce
C00469,Sofía,Sánchez,Ciudad de México,1980-10-02,Oro
C00470,Fernanda,Morales,Jalisco,1962-11-01,Bronce
C00471,Sofía,castillo,Puebla,1972-12-09,Bronce
C00472,Andrés,López,Tamaulipas,1958-01-21,Oro
C00473,Luis,Gómez,Coahuila,1980-10-30,Oro
C00474,María,Torres,Jalisco,1966-09-12,Bronce
C00475,Gabriela,Rivera,Puebla,1998-02-12,Bronce
C00476,Alejandro,González,Sonora,1984-07-20,Bronce
C00477,Gabriela,Martínez,Yucatán,1974-08-11,Oro
C00478,Paola,Rivera,Sinaloa,1971-10-09,Plata
C00479,Luis,Rivera,Puebla,1999-06-14,Bronce
C00480,Eduardo,Martínez,Sonora,1965-11-22,Oro
C00481,Miguel,González,Chihuahua,1992-12-07,Plata
C00482,Eduardo,Flores,Tamaulipas,1974-04-05,Plata
C00483,Sofía,Gómez,Yucatán,2001-09-22,Oro
C00484,José,García,Tamaulipas,1964-09-26,Bronce
C00485,Jorge,Morales,Nuevo León,1998-06-13,Bronce
C00486,Ana,González,Nuevo León,1962-10-17,Bronce
C00487,Gabriela,Vargas,Baja California,1972-12-23,Bronce
C00488,María,Morales,Coahuila,1973-08-27,Plata
C00489,Alejandro,Ortiz,Veracruz,1961-08-14,Oro
C00490,Carlos,Flores,Baja California,1956-04-07,Bronce
C00491,Sofía,Díaz,Coahuila,1961-07-12,Bronce
C00492,Alejandro,Torres,Jalisco,1990-03-03,Plata
C00493,Alejandro,Rodríguez,Nuevo León,1958-12-21,Bronce
C00494,Daniela,Gómez,Sonora,1985-11-25,Oro
C00495,Diego, Díaz ,Tamaulipas,1997-12-07,Plata
C00496,Luis,Flores,Puebla,1988-09-14,Plata
C00497,Laura,Pérez,Sonora,1964-11-05,Plata
C00498,Diego,Pérez,Chihuahua,1993-06-26,Oro
C00499,José,Jiménez,Yucatán,1987-06-12,Bronce
C00500,Miguel,Ortiz,Nuevo León,1967-03-25,Bronce
C00501,Valeria,Vargas,Sinaloa,1958-09-13,Bronce
C00502,Valeria,Rodríguez,Veracruz,1997-02-02,Bronce
C00503,Mariana,Torres,Yucatán,1969-02-06,Bronce
C00504,Eduardo,garcía,Tamaulipas,1971-06-01,Bronce
C00505,Alejandro,Rivera,Sonora,1961-12-23,Plata
C00506,Jorge,Martínez,Chihuahua,1972-03-01,Bronce
C00507,Andrés,Mendoza,Nuevo León,1983-12-29,Oro
C00508,Paola,Ramírez,Sonora,1995-07-29,Plata
C00509,Ricardo,García,Yucatán,1991-07-25,Platino
C00510,Valeria,García,Puebla,1990-09-24,Plata
C00511,María,Díaz,Yucatán,1977-04-17,Oro
C00512,Miguel,Flores,Ciudad de México,1993-05-30,Bronce
C00513,Gabriela,Díaz,Yucatán,1971-01-21,Bronce
C00514,Paola,,Nuevo León,1987-05-21,Bronce
C00515,Ricardo,Rodríguez,Chihuahua,1979-09-17,Bronce
C00516,Carlos,Rivera,yucatán,1974-02-13,Bronce
C00517,Sofía,López,Chihuahua,1957-02-28,Oro
C00518,Andrés,González,Jalisco,1982-01-21,Bronce
C00519,Miguel,Rodríguez,Yucatán,1978-07-31,Platino
C00520,Ricardo,Hernández,Puebla,1980-09-22,Plata
C00521,Carlos,López,Sinaloa,1982-07-03,Oro
C00522,José,Flores,Sonora,1964-03-06,Bronce
C00523,Diego,Torres,Ciudad de México,1992-08-31,Plata
C00524,Sofía,Díaz,Sinaloa,1992-09-15,Plata
C00525,Diego,Gómez,Puebla,1983-12-09,Bronce
C00526,Sofía,Gómez,Puebla,1990-04-04,Plata
C00527,Luis, Pérez ,Jalisco,1964-02-05,Bronce
C00528,Jorge,Rivera,,1974-06-28,Bronce
C00529,Alejandro,Rodríguez,Puebla,1994-08-03,Platino
C00530,María,Sánchez,Veracruz,2002-05-07,Bronce
C00531,Jorge,Torres,Nuevo León,1960-02-03,Bronce
C00532,Ana,Sánchez,Coahuila,1974-10-17,Bronce
C00533,Alejandro,López,Coahuila,2002-02-05,Plata
C00534,Miguel,Ortiz,Ciudad de México,1962-04-12,Plata
C00535,Ricardo,Sánchez,tamaulipas,1979-09-04,Plata
C00536,Eduardo,García,Chihuahua,2005-06-19,Oro
C00537,Carlos,Díaz,Chihuahua,1990-04-10,Bronce
C00538,Andrés,Pérez,Jalisco,1993-11-09,Bronce
C00539,Eduardo,Vargas,Coahuila,2000-04-02,Plata
C00540,Sofía,Pérez,Veracruz,1984-05-01,Bronce
C00541,Daniela,Ortiz,Coahuila,1987-09-30,Bronce
C00542,Mariana,Mendoza,Coahuila,1985-11-12,Oro
C00543,Andrés,Flores,Puebla,1994-01-04,Plata
C00544,Luis,Flores,Jalisco,1970-10-24,Bronce
C00545,Andrés,Martínez,Veracruz,1982-04-11,Oro
C00546,Luis,Martínez,Jalisco,1984-11-27,Oro
C00547,Laura,González,Sonora,1960-01-02,Bronce
C00548,Gabriela,Castillo,Baja California,1999-07-12,Plata
C00549,Paola,Ortiz,Coahuila,1967-10-28,Plata
C00550,Luis,Sánchez,Tamaulipas,1966-06-26,Bronce
C00551,José,Castillo,Jalisco,1993-06-16,Bronce
C00552,José,Sánchez,Tamaulipas,1963-03-21,Bronce
C00553,Miguel,Martínez,Chihuahua,2000-06-19,Oro
C00554,Diego,Rodríguez,Nuevo León,1994-06-29,Plata
C00555,María,Ramírez,Sinaloa,1984-10-04,Plata
C00556,María,Martínez,Yucatán,1989-07-09,Plata
C00557,Luis,Díaz,Baja California,1988-09-18,Oro
C00558,Eduardo,Ramírez,Puebla,1965-06-23,Platino
C00559,Daniela,Morales,Nuevo León,1970-07-26,Oro
C00560,Daniela,Flores,Nuevo León,1989-02-20,Plata
C00561,Diego,Gómez,Jalisco,1969-12-31,Bronce
C00562,Mariana, Torres ,Baja California,1991-06-26,Plata
C00563,Valeria,Rivera,Puebla,1963-07-15,Bronce
C00564,Jorge,Sánchez,Sinaloa,1969-04-03,Plata
C00565,Miguel,Rodríguez,Puebla,1985-03-05,Bronce
C00566,Ana,González,Baja California,1970-07-03,Plata
C00567,carlos,Ortiz,Ciudad de México,1972-04-17,Bronce
C00568,Carlos,Ortiz,Nuevo León,1962-08-18,Bronce
C00569,Daniela,Castillo,Jalisco,1985-11-25,Plata
C00570,Luis,Ortiz,Sinaloa,1983-04-01,Bronce
C00571,Mariana,Pérez,Jalisco,1973-10-29,Plata
C00572,Carlos,Rivera,Baja California,1987-11-04,Oro
C00573,Alejandro,Mendoza,Tamaulipas,1955-07-25,Bronce
C00574,Diego,Morales,Jalisco,1983-03-22,Platino
C00575,Luis,López,Puebla,1986-01-11,Plata
C00576,Luis,Jiménez,Veracruz,1969-01-22,Plata
C00577,Jorge,Rivera,Veracruz,1976-02-13,Bronce
C00578,Andrés,Martínez,Baja California,1979-11-19,Plata
C00579,Gabriela,Martínez,Nuevo León,1993-11-02,Bronce
C00580,Ricardo,López,Baja California,1971-10-14,Oro
C00581,Fernanda,González,Veracruz,1994-04-05,Plata
C00582,Daniela,Martínez,Jalisco,1972-01-05,Bronce
C00583,Ricardo,Mendoza,Sonora,1969-02-11,Plata
C00584,Andrés,Rivera,Sonora,1977-05-25,Platino
C00585,Valeria,Díaz,Puebla,1963-02-15,Platino
C00586,fernanda,Hernández,Veracruz,1975-10-30,Plata
C00587,Carlos,Morales,Chihuahua,1966-09-09,Bronce
C00588,Ricardo,Morales,Yucatán,1971-10-10,Oro
C00589,María,García,Ciudad de México,1992-09-30,Bronce
C00590,Gabriela,García,Yucatán,1976-01-18,Plata
C00591,José,Flores,Sinaloa,1994-08-23,Oro
C00592,Daniela,García,Ciudad de México,1959-03-26,Bronce
C00593,valeria,Sánchez,Baja California,1962-06-05,Bronce
C00594,Diego,Mendoza,Sinaloa,1966-02-21,Bronce
C00595,Eduardo,Jiménez,Veracruz,1972-08-06,Bronce
C00596,Andrés,Sánchez,Veracruz,2005-08-23,Bronce
C00597,,Mendoza,Baja California,2003-04-03,Bronce
C00598,Miguel,Rivera,Baja California,1986-12-05,Plata
C00599,Miguel,Flores,Yucatán,1993-08-25,Bronce
C00600,Daniela,Torres,Baja California,1978-10-12,Oro
C00601,Ana,Vargas,Coahuila,1982-07-09,Plata
C00602,Diego,Gómez,Yucatán,1956-03-13,Plata
C00603,Jorge,Rivera,Sinaloa,1992-03-10,Plata
C00604,Alejandro,Jiménez,Veracruz,1963-08-15,Bronce
C00605,Eduardo,Pérez,Tamaulipas,1991-06-24,Plata
C00606,Valeria,Rivera,Yucatán,1957-01-30,Oro
C00607,Ana,Hernández,Baja California,1959-03-12,Plata
C00608,Daniela,Rodríguez,Yucatán,1969-06-16,Bronce
C00609,Daniela,Díaz,Puebla,2005-08-03,Oro
C00610,Miguel,García,Jalisco,1987-07-28,Plata
C00611,Diego,Flores,,1959-05-29,Plata
C00612,Valeria,Gómez,Baja California,1983-04-18,Plata
C00613,Jorge,Hernández,Nuevo León,1969-02-06,Bronce
C00614,Miguel,,Chihuahua,1956-01-11,Bronce
C00615,José,García,Ciudad de México,1990-11-07,Bronce
C00616,Eduardo,Mendoza,Puebla,1985-06-09,Plata
C00617,María,Jiménez,Tamaulipas,1981-12-03,Platino
C00618,Carlos,Rivera,Yucatán,1956-02-12,Plata
C00619,Diego,López,Nuevo León,1991-12-06,Plata
C00620,Gabriela,Gómez,Sinaloa,1963-01-20,Bronce
C00621,Sofía,Vargas,Baja California,2001-08-13,Plata
C00622,Sofía,Gómez,Jalisco,1963-06-13,Oro
C00623,José,Vargas,Jalisco,1988-12-19,Bronce
C00624,Mariana,Flores,Puebla,1998-07-19,Plata
C00625,Gabriela,Ortiz,Puebla,1991-11-30,Plata
C00626,Miguel,Sánchez,Yucatán,1965-07-26,Oro
C00627,Fernanda,Mendoza,Nuevo León,1983-11-29,Bronce
C00628,Laura,Torres,Sinaloa,1998-11-13,Bronce
C00629,Ana,Mendoza,Baja California,2005-05-20,Plata
C00630,Mariana,Díaz,Baja California,1984-06-07,Plata
C00631,José,Sánchez,Jalisco,1960-09-13,Bronce
C00632,Ana,González,Puebla,1989-01-01,Oro
C00633,Alejandro,Ortiz,Tamaulipas,1972-09-04,Oro
C00634,José,Martínez,Coahuila,1982-12-01,Bronce
C00635,Paola,Jiménez,Sinaloa,2001-11-02,Plata
C00636,Mariana,Ortiz,Tamaulipas,1986-10-22,Bronce
C00637,Eduardo,Gómez,Nuevo León,1959-08-25,Plata
C00638,Ricardo,Díaz,Jalisco,1958-10-08,Plata
C00639,Valeria,Rivera,Tamaulipas,1989-11-05,Oro
C00640,Alejandro,Ortiz,Jalisco,1975-11-26,Oro
C00641,Ana,Martínez,Jalisco,1982-01-16,Plata
C00642,Valeria,Sánchez,Jalisco,1968-04-14,Plata
C00643,Ana,Rodríguez,Nuevo León,1980-09-22,Bronce
C00644,Luis,Rivera,Sonora,1992-01-26,Oro
C00645,Paola,Flores,Sinaloa,1972-03-12,Platino
C00646,Luis,Gómez,,1958-11-01,Bronce
C00647,Alejandro,Pérez,Tamaulipas,1965-05-16,Bronce
C00648,,Ortiz,Sonora,1994-02-14,Bronce
C00649,Ana,Rodríguez,Tamaulipas,1963-10-11,Platino
C00650,José,Ortiz,Coahuila,1958-10-05,Bronce
C00651,Daniela,Hernández,Baja California,1961-12-21,Plata
C00652,Valeria,Pérez,Ciudad de México,1973-04-04,Plata
C00653,Mariana,Morales,,1998-03-15,Plata
C00654,Ana,Mendoza,Sonora,1981-02-21,Plata
C00655,María,González,Chihuahua,1986-10-24,Oro
C00656,paola,Sánchez,Chihuahua,2001-01-02,Plata
C00657,Laura,Jiménez,Veracruz,1975-03-02,Bronce
C00658,Paola,Gómez,Sinaloa,1994-02-01,Oro
C00659,Mariana,Díaz,Veracruz,1967-11-21,Plata
C00660,Laura,Mendoza,Sonora,1957-04-04,Platino
C00661,Ana,Mendoza,Jalisco,1982-11-15,Bronce
C00662,Ricardo,Ramírez,Sonora,1997-08-23,Bronce
C00663,Eduardo,Rivera,Ciudad de México,1967-03-06,Bronce
C00664,María,Gómez,Yucatán,1992-07-24,Plata
C00665,Diego,Castillo,Sinaloa,1969-03-06,Oro
C00666,Carlos,Mendoza,Puebla,1965-01-25,Bronce
C00667,Fernanda,Martínez,Veracruz,1987-07-07,Plata
C00668,Gabriela,Gómez,Coahuila,1989-12-27,Oro
C00669,Ana,Rodríguez,Chihuahua,1974-03-14,Bronce
C00670,Valeria,Díaz,Chihuahua,1984-05-21,Bronce
C00671,Gabriela,,Puebla,1961-11-10,Bronce
C00672,Alejandro,Vargas,Ciudad de México,1977-04-27,Bronce
C00673,José,Ortiz,Coahuila,1968-12-13,Bronce
C00674,Valeria,Vargas,Veracruz,1997-01-04,Oro
C00675,Mariana,Vargas,Yucatán,2005-03-03,Bronce
C00676,Mariana,Jiménez,Sonora,1969-01-20,Bronce
C00677,Carlos,Martínez,Puebla,2005-07-21,Plata
C00678,Eduardo,Gómez,Coahuila,1959-05-21,Plata
C00679,Fernanda,Rivera,Veracruz,1992-05-23,Oro
C00680,Andrés,Pérez,Ciudad de México,2001-11-10,Bronce
C00681,Sofía,Morales,Ciudad de México,1998-02-09,Bronce
C00682,Diego,Hernández,Sinaloa,1999-11-05,Bronce
C00683,Daniela,Sánchez,Veracruz,1989-09-26,Bronce
C00684,José,Hernández,Yucatán,1997-12-28,Plata
C00685,José,Pérez,Nuevo León,1987-07-03,Bronce
C00686,Paola,Mendoza,Nuevo León,1973-01-14,Platino
C00687,Luis,Vargas,Ciudad de México,1977-10-30,Plata
C00688,Luis,Castillo,Chihuahua,1992-08-29,Bronce
C00689,Ricardo,Mendoza,Coahuila,2003-05-06,Plata
C00690,luis,Rivera,Sonora,1960-09-17,Plata
C00691,José,Mendoza,Sonora,1970-03-06,Plata
C00692,Carlos,Ortiz,Sinaloa,2004-04-21,Plata
C00693,Mariana,Flores,Sonora,1968-11-26,Bronce
C00694,Laura,Ortiz,Baja California,1979-12-12,Plata
C00695,Diego,Pérez,Sonora,1998-12-28,Oro
C00696,Sofía,Sánchez,Coahuila,1994-04-16,Bronce
C00697,Eduardo,Mendoza,Sinaloa,1969-04-21,Bronce
C00698,Luis,Castillo,Puebla,1988-05-31,Plata
C00699,Alejandro,Gómez,Ciudad de México,1979-01-23,Oro
C00700,Daniela,Martínez,Sonora,1969-02-21,Bronce
C00701,Valeria,López,Chihuahua,1965-12-11,Bronce
C00702,Diego,Mendoza,Sonora,1959-08-16,Bronce
C00703,Luis,Vargas,Yucatán,1998-11-08,Bronce
C00704,Jorge,Rodríguez,Chihuahua,1988-07-12,Plata
C00705,Laura,López,Tamaulipas,1983-03-27,Oro
C00706,Eduardo,Pérez,Yucatán,1959-04-23,Plata
C00707,Laura,López,Baja California,1966-12-07,Plata
C00708,Laura,Martínez,Baja California,1980-04-10,Bronce
C00709,Miguel,,Sinaloa,1971-08-13,Oro
C00710,Ana,Rivera,Chihuahua,1981-03-05,Plata
C00711,Jorge,Ortiz,Nuevo León,1993-08-19,Bronce
C00712,Paola,Jiménez,Jalisco,1965-01-18,Bronce
C00713,Valeria,Pérez,Sinaloa,1960-10-28,Bronce
C00714,Jorge,Rivera,Yucatán,2005-04-12,Bronce
C00715,Jorge,Morales,Puebla,1957-07-14,Bronce
C00716,Sofía,García,Puebla,1996-11-06,Bronce
C00717,María,Ramírez,Chihuahua,1981-11-01,Bronce
C00718,Mariana,Hernández,Chihuahua,1976-04-24,Bronce
C00719,Eduardo,González,Veracruz,1963-04-19,Bronce
C00720,,Flores,Jalisco,2004-04-05,Plata
C00721,Luis,,Yucatán,1977-10-18,Bronce
C00722,Daniela,Ortiz,Veracruz,1971-02-17,Bronce
C00723,Ana,Castillo,Nuevo León,1958-02-18,Oro
C00724,Laura,Rivera,Nuevo León,2002-07-20,Bronce
C00725,Luis,Rodríguez,Nuevo León,1993-04-14,Oro
C00726,Luis,Morales,Veracruz,1957-12-14,Bronce
C00727,Jorge,,Veracruz,1976-11-14,Plata
C00728,Diego,Castillo,Puebla,1986-12-29,Bronce
C00729,José,Jiménez,Jalisco,1972-05-17,Oro
C00730,Gabriela,López,Baja California,1995-11-01,Plata
C00731,Miguel,García,Coahuila,1969-04-03,Oro
C00732,Luis,Ramírez,Yucatán,1961-12-31,Bronce
C00733,Fernanda,López,Sinaloa,1980-12-20,Bronce
C00734,Miguel,García,Chihuahua,1988-01-31,Bronce
C00735,Miguel,Sánchez,Ciudad de México,1999-08-18,Plata
C00736,Alejandro,Ramírez,Tamaulipas,1967-06-15,Plata
C00737,Daniela,Gómez,Sinaloa,1998-11-11,Oro
C00738,Gabriela,Ortiz,Veracruz,1977-01-17,Oro
C00739,Andrés,Mendoza,Ciudad de México,1973-03-19,Bronce
C00740,Gabriela,Vargas,Chihuahua,1982-04-22,Plata
C00741,José,Mendoza,Nuevo León,1960-09-05,Oro
C00742,Diego,Rodríguez,Coahuila,1972-08-01,Oro
C00743,Laura,Castillo,Sonora,1998-01-05,Oro
C00744,Laura,Morales,Nuevo León,1989-08-02,Bronce
C00745,Carlos,Mendoza,Veracruz,1964-11-20,Plata
C00746,Carlos,Morales,Yucatán,1961-06-21,Plata
C00747,Carlos,García,Puebla,2004-09-10,Bronce
C00748,Gabriela,Torres,Yucatán,1974-08-06,Oro
C00749,Valeria,López,Tamaulipas,1958-02-08,Platino
C00750,Diego,López,Jalisco,1973-09-01,Plata
C00751,Ricardo,Ortiz,Coahuila,1994-03-01,Oro
C00752,Jorge,Jiménez,Baja California,1980-12-18,Oro
C00753,Ana,Rodríguez,Chihuahua,2000-10-24,Bronce
C00754,Andrés,Rivera,Sinaloa,1972-06-15,Bronce
C00755,Miguel,Vargas,Yucatán,1958-04-14,Bronce
C00756,Ana,Martínez,Coahuila,1983-12-07,Bronce
C00757,Carlos,Hernández,Nuevo León,1972-08-30,Plata
C00758,Andrés,Díaz,Sonora,2000-11-10,Platino
C00759,Fernanda,González,Nuevo León,1957-10-16,Bronce
C00760,Gabriela,Vargas,Tamaulipas,1997-03-14,Oro
C00761,Laura,Mendoza,Sonora,1992-06-26,Bronce
C00762,Fernanda,López,Sinaloa,2000-06-11,Bronce
C00763,Laura,Gómez,Jalisco,1970-09-23,Plata
C00764,Daniela,Ramírez,Coahuila,1982-06-08,Oro
C00765,Carlos,Gómez,Veracruz,1986-02-22,Plata
C00766,Fernanda,Jiménez,Veracruz,1960-07-28,Bronce
C00767,Fernanda,Vargas,Baja California,1955-08-20,Bronce
C00768,Mariana,Rivera,Chihuahua,1993-09-29,Oro
C00769,Ricardo,Mendoza,Coahuila,1993-04-22,Plata
C00770,Luis,Vargas,Tamaulipas,1981-03-02,Bronce
C00771,Diego,Ortiz,Sinaloa,1962-11-05,Oro
C00772,Luis,Martínez,Coahuila,1983-09-17,Plata
C00773,Diego,Jiménez,Tamaulipas,1956-06-13,Bronce
C00774,Laura,Pérez,Coahuila,1956-06-23,Bronce
C00775,Mariana,Gómez,Nuevo León,1992-05-05,Plata
C00776,María,Mendoza,Nuevo León,1986-07-01,Plata
C00777,Valeria,Mendoza,Sonora,1991-04-25,Plata
C00778,Mariana,Hernández,Nuevo León,1962-02-25,Bronce
C00779,Laura,Rivera,Nuevo León,1983-12-03,Bronce
C00780,Eduardo,Ortiz,,1989-02-10,Platino
C00781,Laura,Rivera,Ciudad de México,1981-08-29,Plata
C00782,Carlos,Hernández,Coahuila,1966-02-01,Oro
C00783,Alejandro,Rivera,Coahuila,2003-03-26,Oro
C00784,Miguel,Rivera,Puebla,1957-03-25,Bronce
C00785,Ana,Morales,Ciudad de México,1957-11-25,Plata
C00786,Daniela,García,Yucatán,1963-06-22,Oro
C00787,Miguel,González,Nuevo León,2000-01-12,Platino
C00788,José,Jiménez,Ciudad de México,1979-04-04,Plata
C00789,Andrés,Torres,Chihuahua,1971-03-18,Platino
C00790,Laura,Flores,,1972-06-01,Bronce
C00791,Gabriela,Martínez,Jalisco,1974-03-18,Bronce
C00792,Jorge,Flores,Sinaloa,1985-07-30,Plata
C00793,Mariana,Pérez,Veracruz,1976-07-11,Bronce
C00794,Valeria,Sánchez,Yucatán,1972-11-11,Plata
C00795,Luis,Torres,Chihuahua,1969-04-21,Bronce
C00796,Eduardo,Díaz,Baja California,1994-06-24,Plata
C00797,Ricardo,García,Chihuahua,2003-11-03,Bronce
C00798,Andrés,Díaz,Nuevo León,1993-04-15,Bronce
C00799,Gabriela,,Puebla,1990-05-09,Oro
C00800,Ricardo,Gómez,Yucatán,1982-01-14,Bronce
C00801,Miguel,López,Sinaloa,1978-03-08,Oro
C00802,Miguel,Torres,Nuevo León,1991-07-11,Bronce
C00803,Miguel,Vargas,Veracruz,1972-10-19,Bronce
C00804,Sofía,Martínez,Sonora,1981-04-03,Bronce
C00805,Gabriela,Ortiz,Puebla,1989-08-29,Plata
C00806,Miguel,Rivera,Chihuahua,1957-01-05,Oro
C00807,José,gonzález,Sinaloa,1970-06-10,Bronce
C00808,Alejandro,Jiménez,Ciudad de México,1959-07-02,Bronce
C00809,Laura,López,Sonora,1965-08-23,Bronce
C00810,Eduardo,Pérez,Coahuila,1966-11-10,Plata
C00811,Jorge,Gómez,Puebla,1969-09-15,Bronce
C00812,José,Torres,Tamaulipas,2001-02-11,Bronce
C00813,Paola,Ramírez,Sonora,1971-05-14,Oro
C00814,Andrés,Hernández,Baja California,1985-02-28,Plata
C00815,José,Martínez,Yucatán,2001-01-01,Bronce
C00816,Eduardo,Hernández,Veracruz,1976-01-28,Bronce
C00817,Mariana,García,Jalisco,1969-06-02,Bronce
C00818,Mariana,Martínez,Jalisco,2002-03-18,Oro
C00819,Carlos,Vargas,Tamaulipas,1978-10-27,Bronce
C00820,Ricardo,Gómez,Jalisco,1958-07-05,Plata
C00821,Alejandro,Hernández,Nuevo León,1961-03-30,Oro
C00822,Mariana,Pérez,Ciudad de México,1978-12-10,Plata
C00823,Eduardo,Jiménez,Sonora,1956-10-19,Plata
C00824,Valeria,Jiménez,Yucatán,1965-11-15,Bronce
C00825,Fernanda,Vargas,Baja California,1978-10-06,Bronce
C00826,Luis,Ramírez,Baja California,1956-01-28,Bronce
C00827,Miguel,Morales,Yucatán,1995-01-25,Plata
C00828,Gabriela,Gómez,Yucatán,1957-02-19,Bronce
C00829,Daniela,Torres,Nuevo León,1972-12-27,Bronce
C00830,Mariana,Rivera,Tamaulipas,1986-12-06,Plata
C00831,Ricardo,Torres,Puebla,1962-12-08,Bronce
C00832,Ana,Torres,Puebla,1983-09-10,Bronce
C00833,Carlos,Martínez,Nuevo León,1968-02-17,Oro
C00834,Fernanda, Sánchez ,Ciudad de México,1999-10-10,Oro
C00835,Eduardo,Rivera,Jalisco,1985-05-25,Plata
C00836,Laura,Ramírez,Veracruz,1978-06-09,Bronce
C00837,Miguel,González,Ciudad de México,1990-08-10,Bronce
C00838,Daniela,Mendoza,Ciudad de México,1998-01-05,Bronce
C00839,Sofía,Rodríguez,Chihuahua,1959-03-17,Bronce
C00840,Mariana,Hernández,Jalisco,1995-05-11,Oro
C00841,Valeria,Torres,Sonora,1993-09-23,Bronce
C00842,Laura,Mendoza,Jalisco,1978-06-21,Bronce
C00843,Mariana,Gómez,Baja California,1966-01-24,Bronce
C00844,Fernanda,Pérez,Jalisco,1982-11-28,Plata
C00845,Ana,Jiménez,Baja California,1973-08-27,Bronce
C00846,Daniela,Vargas,Chihuahua,1972-05-24,Bronce
C00847,Ricardo,Mendoza,Tamaulipas,1983-07-10,Oro
C00848,Mariana,González,Chihuahua,1994-01-09,Plata
C00849,Valeria,Torres,Veracruz,1983-12-23,Platino
C00850,Miguel,Sánchez,Sinaloa,1984-12-10,Bronce
C00851,Laura,Jiménez,Jalisco,1966-03-28,Bronce
C00852,Luis,Morales,Baja California,1988-11-01,Plata
C00853,Luis,González,Sinaloa,1997-06-26,Plata
C00854,Daniela,Jiménez,Sinaloa,1988-01-28,Bronce
C00855,Eduardo,Rodríguez,Chihuahua,1980-07-24,Bronce
C00856,Daniela,Ramírez,Puebla,1970-10-27,Bronce
C00857,María,Rodríguez,Ciudad de México,1993-02-10,Oro
C00858,Andrés,Gómez,Jalisco,1997-02-26,Plata
C00859,Paola,López,Sonora,1992-06-20,Plata
C00860,Laura,Rodríguez,Nuevo León,1991-05-12,Plata
C00861,Laura,Mendoza,Puebla,1988-03-11,Oro
C00862,diego,González,Chihuahua,1964-02-06,Bronce
C00863,María,Rodríguez,Yucatán,1961-11-15,Bronce
C00864,Daniela,Jiménez,Chihuahua,1986-11-24,Plata
C00865,Jorge,Torres,Coahuila,1966-06-24,Oro
C00866,Ricardo,Jiménez,Ciudad de México,1991-06-26,Plata
C00867,Carlos,Gómez,Ciudad de México,1957-01-22,Plata
C00868,Daniela,Mendoza,Chihuahua,1968-08-11,Bronce
C00869,Ana,Ortiz,Chihuahua,1971-05-04,Plata
C00870,Valeria,Mendoza,Sonora,1959-03-26,Bronce
C00871,Daniela, Díaz ,Sinaloa,1957-02-15,Bronce
C00872,Gabriela,Jiménez,Tamaulipas,1955-03-18,Plata
C00873,Alejandro,Vargas,Ciudad de México,1978-12-15,Bronce
C00874,Ana,Rivera,Sonora,1992-05-19,Oro
C00875,María,García,Nuevo León,2000-02-17,Oro
C00876,María,Rodríguez,Sonora,1996-05-25,Bronce
C00877,Paola,Ramírez,Coahuila,1978-07-27,Plata
C00878,Gabriela,Sánchez,Sinaloa,1991-09-07,Plata
C00879,Carlos,Morales,Baja California,1994-10-11,Oro
C00880,Mariana,Pérez,Sinaloa,1960-09-24,Plata
C00881,Valeria,Ortiz,Yucatán,1962-12-01,Bronce
C00882,Andrés,Rodríguez,Veracruz,1987-05-13,Bronce
C00883,Sofía,Rivera,Chihuahua,1961-12-09,Plata
C00884,Gabriela,Vargas,Yucatán,1982-04-04,Plata
C00885,Fernanda,González,Coahuila,1961-08-28,Plata
C00886,José,Jiménez,Chihuahua,1997-06-16,Bronce
C00887,Daniela,Flores,Baja California,1997-11-02,Oro
C00888,Andrés,Rivera,Chihuahua,1972-03-15,Bronce
C00889,Luis,Rodríguez,Yucatán,1971-02-22,Platino
C00890,Ricardo,Morales,Sonora,1955-05-11,Plata
C00891,Alejandro,González,Yucatán,1964-06-01,Bronce
C00892,Fernanda,,sinaloa,1969-02-14,Bronce
C00893,Eduardo,López,Baja California,1960-01-23,Bronce
C00894,Andrés,Ortiz,Yucatán,1998-09-20,Bronce
C00895,Luis, González ,Ciudad de México,1997-06-09,Plata
C00896,Andrés,Flores,Ciudad de México,1992-11-24,Bronce
C00897,Jorge,Díaz,Coahuila,1991-11-03,Plata
C00898,Diego,Díaz,Veracruz,1981-01-02,Oro
C00899,Luis,Flores,Coahuila,1992-01-17,Bronce
C00900,Andrés, Ortiz ,Nuevo León,1998-10-08,Plata
C00901,Gabriela,Pérez,Tamaulipas,2001-07-24,Bronce
C00902,Alejandro,Rodríguez,Veracruz,1964-11-30,Plata
C00903,Ana,Flores,Coahuila,1994-06-27,Bronce
C00904,Ana,Martínez,Chihuahua,1979-06-21,Plata
C00905,Diego,Castillo,Chihuahua,1978-09-22,Bronce
C00906,Carlos,Rivera,Coahuila,1956-12-21,Bronce
C00907,Eduardo,Castillo,Veracruz,1997-09-16,Bronce
C00908,Eduardo,Castillo,Baja California,1982-04-19,Bronce
C00909,Sofía,Díaz,Puebla,1981-09-16,Bronce
C00910,Laura,Ortiz,Coahuila,2001-01-22,Oro
C00911,Luis,Rodríguez,Veracruz,1986-08-07,Plata
C00912,Paola,Hernández,Jalisco,1965-12-21,Platino
C00913,Ana,Rodríguez,Ciudad de México,1999-03-29,Bronce
C00914,Fernanda,Vargas,Coahuila,1977-10-21,Plata
C00915,Fernanda,Ortiz,Sonora,1973-05-22,Bronce
C00916,José,Pérez,Baja California,1971-10-08,Bronce
C00917,Daniela,Díaz,Nuevo León,2003-04-03,Plata
C00918,Eduardo,López,Tamaulipas,1997-06-14,Bronce
C00919,Diego,Gómez,Veracruz,2005-01-28,Oro
C00920,Luis,Pérez,Ciudad de México,1990-04-08,Plata
C00921,Paola,Ramírez,Yucatán,1968-07-17,Oro
C00922,Paola,López,Chihuahua,1979-06-05,Oro
C00923,Mariana,González,tamaulipas,1964-07-24,Bronce
C00924,Ricardo,Sánchez,Jalisco,1962-01-16,Bronce
C00925,María,González,Sonora,1968-07-22,Bronce
C00926,Sofía,Torres,Baja California,1982-09-25,Plata
C00927,Alejandro,Ortiz,Yucatán,1968-01-28,Plata
C00928,Valeria,Jiménez,Puebla,1973-09-06,Bronce
C00929,Luis,Jiménez,Nuevo León,1975-10-03,Oro
C00930,Carlos,Ortiz,Sonora,1971-05-14,Bronce
C00931,Fernanda,Morales,Nuevo León,1983-09-20,Plata
C00932,Miguel,Vargas,Tamaulipas,1967-10-26,Platino
C00933,Mariana,García,Yucatán,2000-12-24,Bronce
C00934,Gabriela,Hernández,Sonora,1966-08-22,Oro
C00935,Jorge,Ramírez,Chihuahua,1975-04-29,Plata
C00936,Jorge,Torres,Veracruz,1986-05-30,Plata
C00937,María,Rodríguez,Veracruz,1992-12-25,Bronce
C00938,Ricardo,Rodríguez,Tamaulipas,1981-03-23,Oro
C00939,Paola,Sánchez,Ciudad de México,1962-10-21,Oro
C00940,Andrés,Mendoza,Nuevo León,1970-03-04,Plata
C00941,Sofía,Sánchez,Nuevo León,1985-11-21,Bronce
C00942,Gabriela,Jiménez,Sonora,1999-05-26,Oro
C00943,Miguel,López,Puebla,1970-01-28,Bronce
C00944,Luis,Jiménez,Nuevo León,1966-04-14,Oro
C00945,María,Gómez,Veracruz,1972-01-14,Plata
C00946,Daniela,Castillo,Ciudad de México,1981-03-12,Bronce
C00947,Ana,Pérez,Chihuahua,1997-06-06,Oro
C00948,Laura,Morales,Ciudad de México,1997-09-05,Plata
C00949,Jorge,Morales,Sinaloa,1972-05-06,Bronce
C00950,Jorge,Morales,Tamaulipas,1984-03-29,Plata
C00951,,Gómez,Sinaloa,1987-04-14,Oro
C00952,Andrés,Flores,Tamaulipas,2004-07-26,Bronce
C00953,Miguel,Ortiz,Yucatán,1983-11-13,Plata
C00954,Laura,Rivera,Coahuila,2005-03-03,Plata
C00955,José,Díaz,Tamaulipas,1956-02-13,Bronce
C00956,Gabriela,Torres,Coahuila,1958-09-28,Oro
C00957,Carlos,Hernández,Tamaulipas,1968-03-14,Plata
C00958,Jorge,Flores,Sinaloa,1966-05-27,Plata
C00959,Alejandro,Castillo,Chihuahua,1969-08-22,Platino
C00960,Paola,Martínez,Nuevo León,1971-11-23,Platino
C00961,Valeria,Ortiz,Nuevo León,1969-12-04,Bronce
C00962,Sofía,González,Ciudad de México,1974-04-04,Plata
C00963,José,López,Yucatán,1978-03-04,Platino
C00964,Valeria,González,Yucatán,2005-08-01,Bronce
C00965,Alejandro,Mendoza,Nuevo León,1982-11-13,Bronce
C00966,Fernanda,Rodríguez,Yucatán,1968-06-01,Bronce
C00967,Mariana,Ortiz,Baja California,1982-06-24,Plata
C00968,Miguel,Torres,Sinaloa,1967-11-19,Bronce
C00969,Andrés,Ramírez,Veracruz,1959-05-21,Oro
C00970,Alejandro,Ramírez,Yucatán,1996-08-25,Plata
C00971,Andrés,Rodríguez,Sinaloa,1958-10-22,Bronce
C00972,Diego,Jiménez,Ciudad de México,1990-10-11,Platino
C00973,Andrés,Díaz,Jalisco,1991-06-25,Plata
C00974,José,Martínez,Sinaloa,1980-07-06,Bronce
C00975,Valeria,Jiménez,Sonora,1978-08-11,Plata
C00976,Ricardo,Ramírez,Coahuila,2001-04-18,Oro
C00977,Paola,García,Puebla,1975-08-27,Oro
C00978,Fernanda,Pérez,Tamaulipas,1958-03-26,Plata
C00979,Mariana,Mendoza,Ciudad de México,1969-07-03,Plata
C00980,Mariana,Mendoza,Jalisco,1993-01-17,Bronce
C00981,Carlos,Pérez,Sinaloa,1961-01-22,Oro
C00982,Daniela,Flores,Jalisco,1981-01-14,Plata
C00983,Paola,Flores,Nuevo León,1961-04-17,Plata
C00984,José,Rivera,Sinaloa,1958-05-29,Plata
C00985,Mariana,Gómez,Sinaloa,1972-04-12,Oro
C00986,Luis,Mendoza,Jalisco,1995-05-25,Oro
C00987,Paola,Pérez,Chihuahua,1996-09-03,Plata
C00988,José,Díaz,Nuevo León,2001-04-26,Oro
C00989,María,,Ciudad de México,1958-05-20,Bronce
C00990,Gabriela,Flores,Veracruz,1958-04-02,Oro
C00991,Jorge,Rivera,Sinaloa,1984-11-14,Bronce
C00992,Alejandro,Sánchez,Ciudad de México,1988-10-22,Bronce
C00993,José,Ramírez,Jalisco,1985-08-14,Bronce
C00994,Miguel,Vargas,Sonora,1960-09-29,Plata
C00995,Diego,Díaz,Tamaulipas,1966-04-01,Oro
C00996,Sofía,Ramírez,Chihuahua,1961-06-09,Bronce
C00997,Carlos,Rodríguez,Sinaloa,1965-12-10,Bronce
C00998,José,Vargas,Jalisco,1982-01-27,Bronce
C00999,Sofía,Sánchez,Jalisco,1992-08-03,Oro
C01000,Sofía,González,Veracruz,1955-10-05,Bronce
C01001,Valeria,Hernández,Sonora,1985-06-05,Bronce
C01002,Andrés,García,Nuevo León,1959-05-13,Bronce
C01003,Paola,Ramírez,Veracruz,1978-02-22,Bronce
C01004,Luis,Rodríguez,Sonora,1990-06-20,Oro
C01005,María,Mendoza,Baja California,1962-11-19,Bronce
C01006,Paola,Morales,Chihuahua,1973-09-28,Bronce
C01007,Gabriela,Díaz,Ciudad de México,1969-02-07,Plata
C01008,Andrés,Mendoza,Tamaulipas,2002-12-24,Oro
C01009,Carlos,Hernández,Baja California,1976-12-27,Plata
C01010,Sofía,González,Nuevo León,1988-12-19,Bronce
C01011,José,Rivera,Chihuahua,1959-08-09,Bronce
C01012,José,Castillo,Sonora,1983-05-17,Plata
C01013,Ricardo,Rodríguez,Puebla,1959-10-31,Bronce
C01014,Miguel,Gómez,Coahuila,1965-11-09,Bronce
C01015,Eduardo,Torres,Veracruz,1974-09-14,Bronce
C01016,Carlos,Torres,Veracruz,1961-10-03,Bronce
C01017,Fernanda,Jiménez,Sonora,1994-04-18,Plata
C01018,Daniela,Jiménez,Tamaulipas,1986-10-25,Bronce
C01019,Andrés,Díaz,Puebla,1999-11-08,Bronce
C01020,José,Flores,Tamaulipas,1981-02-15,Bronce
C01021,Daniela,Flores,Yucatán,2002-07-28,Bronce
C01022,María,Rivera,Baja California,2001-09-06,Platino
C01023,José,González,Yucatán,1978-09-26,Bronce
C01024,Ricardo,García,Veracruz,1969-09-16,Oro
C01025,Diego,Pérez,Sonora,1991-10-20,Bronce
C01026,María,Gómez,Puebla,1986-09-16,Bronce
C01027,Miguel,Ramírez,Sonora,2004-02-24,Plata
C01028,Ricardo,Vargas,Veracruz,1979-03-13,Bronce
C01029,Laura,Ramírez,Jalisco,1994-01-20,Bronce
C01030,Carlos,Rivera,Sonora,1963-12-04,Plata
C01031,Miguel,Rivera,Ciudad de México,1992-02-12,Oro
C01032,Mariana,Castillo,Sonora,2005-01-09,Bronce
C01033,laura,Díaz,Jalisco,2002-09-25,Bronce
C01034,Mariana,Rivera,Puebla,1973-09-29,Plata
C01035,Daniela,Díaz,Yucatán,1960-03-20,Bronce
C01036,José,Morales,Nuevo León,1967-04-20,Bronce
C01037,Mariana,García,Sinaloa,1999-02-04,Plata
C01038,Andrés,Pérez,Sonora,1968-11-22,Oro
C01039,Luis,Ortiz,Ciudad de México,1972-01-06,Plata
C01040,Miguel,Martínez,Veracruz,1986-05-24,Bronce
C01041,Paola,González,Yucatán,1971-01-20,Bronce
C01042,Jorge,Rivera,Coahuila,1977-07-19,Bronce
C01043,Fernanda,Jiménez,Jalisco,1973-08-10,Bronce
C01044,Laura,Morales,Puebla,1995-08-25,Bronce
C01045,Fernanda,González,Veracruz,1989-10-08,Plata
C01046,Jorge,Flores,puebla,1969-07-30,Plata
C01047,Paola,Díaz,Sonora,1998-02-13,Bronce
C01048,Sofía,Martínez,Nuevo León,1978-08-10,Oro
C01049,Carlos,Díaz,Ciudad de México,1961-11-08,Bronce
C01050,José,Castillo,Chihuahua,1992-01-18,Plata
C01051,Valeria,Sánchez,Puebla,1957-01-05,Bronce
C01052,Daniela,Martínez,Nuevo León,1958-09-06,Plata
C01053,María,Rodríguez,Chihuahua,1955-06-08,Bronce
C01054,Laura,Ramírez,Puebla,1987-02-20,Plata
C01055,Eduardo,Hernández,Puebla,1998-12-28,Plata
C01056,Mariana,Ortiz,Jalisco,1963-09-08,Bronce
C01057,Luis,Rivera,Sinaloa,1970-11-01,Plata
C01058,Laura,González,Veracruz,1997-09-13,Plata
C01059,María,Jiménez,Puebla,1984-02-03,Oro
C01060,Daniela,Rodríguez,Baja California,1973-02-12,Plata
C01061,Luis,Mendoza,Sonora,1978-08-08,Bronce
C01062,Fernanda,Mendoza,Sinaloa,1983-06-04,Plata
C01063,Jorge,Castillo,Yucatán,2003-09-24,Plata
C01064,Gabriela,Torres,Coahuila,1976-05-01,Oro
C01065,María,Jiménez,Coahuila,1978-06-15,Plata
C01066,Daniela,Pérez,Sinaloa,2004-04-17,Bronce
C01067,Eduardo,Vargas,Nuevo León,1965-11-07,Bronce
C01068,Sofía,García,Puebla,1982-03-06,Oro
C01069,Diego,Jiménez,Tamaulipas,1956-10-21,Bronce
C01070,Fernanda,Flores,Nuevo León,1957-11-10,Oro
C01071,Eduardo,Flores,Veracruz,1959-08-25,Plata
C01072,Carlos,Ortiz,Yucatán,1984-10-16,Oro
C01073,Miguel,Martínez,Veracruz,1980-06-20,Bronce
C01074,Fernanda,Pérez,Veracruz,1982-07-26,Bronce
C01075,Mariana,Ortiz,Nuevo León,2004-05-13,Oro
C01076,Fernanda,Gómez,Sonora,1983-06-18,Plata
C01077,Valeria,Martínez,Sonora,1998-11-01,Bronce
C01078,Fernanda,García,Jalisco,1978-10-15,Oro
C01079,María,García,Baja California,1987-05-10,Bronce
C01080,Miguel,García,Jalisco,1993-12-03,Plata
C01081,Alejandro,García,Yucatán,1999-06-07,Bronce
C01082,Miguel,Rivera,Coahuila,1959-06-17,Oro
C01083,Luis,Mendoza,Coahuila,1975-04-20,Bronce
C01084,Diego,López,Baja California,1979-09-29,Bronce
C01085,Ana,Martínez,Yucatán,1996-08-20,Bronce
C01086,Eduardo,Mendoza,Sonora,1989-03-12,Oro
C01087,Alejandro,Martínez,Chihuahua,1999-09-25,Bronce
C01088,Gabriela,Gómez,Puebla,1991-02-10,Plata
C01089,Valeria,Vargas,Nuevo León,1998-12-26,Platino
C01090,Ricardo,Torres,Chihuahua,1962-09-02,Bronce
C01091,Alejandro,Castillo,Veracruz,1983-08-24,Oro
C01092,José,Ramírez,Coahuila,1987-08-29,Oro
C01093,Laura,Flores,Jalisco,1958-07-26,Platino
C01094,Andrés,Hernández,Tamaulipas,1971-07-24,Plata
C01095,Luis,Rodríguez,Yucatán,1985-03-17,Plata
C01096,Daniela,Morales,Sonora,1995-06-10,Bronce
C01097,José,Ramírez,Puebla,2005-05-06,Plata
C01098,Eduardo,Mendoza,Ciudad de México,1964-11-08,Platino
C01099,Valeria,Mendoza,Sinaloa,1960-02-05,Bronce
C01100,Fernanda,Rivera,Puebla,2004-11-27,Plata
C01101,Gabriela,Morales,Sinaloa,1967-04-15,Platino
C01102,Valeria,Rivera,Nuevo León,1992-09-08,Bronce
C01103,Paola,Morales,Tamaulipas,1956-03-21,Bronce
C01104,María,González,Veracruz,1967-11-24,Plata
C01105,Ricardo,Morales,Baja California,1965-09-11,Bronce
C01106,Jorge,González,Ciudad de México,1987-05-20,Plata
C01107,Gabriela,Ramírez,Ciudad de México,1965-12-16,Plata
C01108,Sofía,García,Sonora,1964-12-03,Plata
C01109,Ana,García,Tamaulipas,2001-05-13,Bronce
C01110,Paola,Morales,Sinaloa,1978-05-15,Oro
C01111,Ana,Ramírez,Coahuila,1980-02-05,Plata
C01112,Gabriela,Vargas,Nuevo León,1972-05-27,Bronce
C01113,Laura,Díaz,Sonora,1967-07-06,Bronce
C01114,Carlos,Gómez,Ciudad de México,1987-04-05,Bronce
C01115,Jorge,Martínez,Jalisco,1981-09-08,Platino
C01116,Luis,Hernández,Chihuahua,1997-03-07,Plata
C01117,Gabriela,López,Puebla,2000-08-25,Bronce
C01118,María,Hernández,Coahuila,1965-07-13,Bronce
C01119,Eduardo,Pérez,Tamaulipas,2005-03-14,Bronce
C01120,Eduardo,Rodríguez,Yucatán,1976-11-22,Bronce
C01121,Daniela,Gómez,Sonora,2004-09-14,Bronce
C01122,Mariana,Díaz,Sinaloa,1974-05-14,Plata
C01123,Andrés,Flores,Yucatán,1992-08-21,Bronce
C01124,Diego,Castillo,Ciudad de México,1999-08-28,Oro
C01125,Mariana,Díaz,Chihuahua,1981-10-18,Plata
C01126,María,Gómez,Puebla,1980-04-30,Oro
C01127,andrés,Hernández,Baja California,1996-10-20,Plata
C01128,Gabriela,Hernández,Baja California,1968-12-08,Bronce
C01129,Laura,Flores,Jalisco,1999-03-11,Bronce
C01130,Valeria,Ramírez,Yucatán,2005-07-13,Bronce
C01131,Sofía,Martínez,Coahuila,1985-11-20,Plata
C01132,Fernanda,López,Sonora,1975-06-04,Plata
C01133,Luis,Rodríguez,Sinaloa,1999-03-27,Oro
C01134,Valeria,Sánchez,Chihuahua,1965-11-02,Bronce
C01135,Gabriela,López,Tamaulipas,1969-06-17,Bronce
C01136,Paola,Ortiz,Coahuila,1997-03-09,Oro
C01137,Ana,Morales,Tamaulipas,1979-02-09,Bronce
C01138,Alejandro,Castillo,Jalisco,1976-03-23,Bronce
C01139,Paola,Jiménez,Sinaloa,2003-05-05,Oro
C01140,Paola,Gómez,Sinaloa,1982-08-18,Bronce
C01141,Mariana,Pérez,Sonora,1963-03-25,Oro
C01142,Ricardo,González,Baja California,1963-01-23,Bronce
C01143,Laura,García,Nuevo León,1961-11-26,Plata
C01144,,López,Baja California,1973-10-12,Plata
C01145,Sofía,Martínez,Tamaulipas,1998-02-04,Oro
C01146,Gabriela,Castillo,Tamaulipas,1985-08-21,Bronce
C01147,Sofía,Ramírez,Chihuahua,1973-06-01,Oro
C01148,Alejandro,Flores,Chihuahua,1964-01-16,Bronce
C01149,Daniela,Ortiz,Puebla,1993-11-02,Oro
C01150,Miguel,Hernández,Chihuahua,1986-05-24,Oro
C01151,Andrés,García,Sinaloa,1993-02-27,Plata
C01152,Miguel,Ortiz,Chihuahua,1998-03-17,Bronce
C01153,Fernanda,Pérez,Tamaulipas,1962-03-11,Plata
C01154,Ana,Flores,Baja California,1974-04-01,Plata
C01155,Gabriela,Gómez,Yucatán,1956-11-05,Plata
C01156,Ana,Jiménez,Tamaulipas,1965-09-08,Bronce
C01157,Alejandro,López,Puebla,1963-10-12,Plata
C01158,Jorge,García,Chihuahua,1957-05-24,Plata
C01159,Paola,López,Baja California,1966-01-05,Oro
C01160,Paola,González,Jalisco,1962-10-30,Bronce
C01161,Valeria,Vargas,Jalisco,1959-04-05,Oro
C01162,Gabriela,Rodríguez,Tamaulipas,1995-04-19,Bronce
C01163,María,Ortiz,Yucatán,1981-04-01,Bronce
C01164,Miguel,López,Nuevo León,1969-01-16,Platino
C01165,Alejandro,Hernández,Sonora,1975-09-25,Bronce
C01166,Jorge,martínez,Puebla,1959-08-05,Plata
C01167,Laura,Gómez,Yucatán,1955-07-29,Bronce
C01168,Paola,Rivera,Puebla,1994-01-14,Bronce
C01169,Carlos,Martínez,Sonora,1963-06-25,Bronce
C01170,Eduardo,Rodríguez,Baja California,1994-04-13,Bronce
C01171,Sofía,Vargas,Veracruz,1990-11-27,Platino
C01172,Fernanda,Torres,Ciudad de México,1975-02-16,Oro
C01173,Valeria,Torres,Jalisco,1983-01-18,Oro
C01174,Paola,López,Ciudad de México,1971-04-09,Oro
C01175,Daniela,Morales,Ciudad de México,1967-09-18,Plata
C01176,José,Mendoza,Baja California,1956-04-18,Plata
C01177,María,Hernández,Baja California,2005-04-22,Plata
C01178,Fernanda,Flores,Sonora,1979-02-24,Bronce
C01179,Carlos,González,Tamaulipas,1956-12-03,Bronce
C01180,José,Rodríguez,Chihuahua,1957-06-01,Plata
C01181,Gabriela,Martínez,Jalisco,1999-11-03,Plata
C01182,Luis,Flores,Tamaulipas,2005-03-09,Plata
C01183,Paola,Pérez,Coahuila,1976-08-18,Bronce
C01184,Eduardo,Díaz,Ciudad de México,1969-04-29,Plata
C01185,Sofía,Pérez,Puebla,1994-12-21,Platino
C01186,Luis,Ramírez,Baja California,1999-01-29,Bronce
C01187,Luis,López,Ciudad de México,1962-10-22,Plata
C01188,Sofía,Flores,Ciudad de México,1994-09-26,Plata
C01189,María,Jiménez,Jalisco,1959-04-27,Bronce
C01190,Laura,Flores,Puebla,1972-08-09,Plata
C01191,Fernanda,Sánchez,Baja California,1961-04-01,Oro
C01192,María,Díaz,Coahuila,1998-01-26,Oro
C01193,Alejandro,Rivera,Yucatán,1978-10-08,Bronce
C01194,Gabriela,Pérez,Sinaloa,1981-10-07,Bronce
C01195,Carlos,Ramírez,Yucatán,1992-03-19,Plata
C01196,Laura,Vargas,Yucatán,2000-04-15,Bronce
C01197,Andrés,Hernández,Sonora,1962-07-30,Oro
C01198,Carlos,Ramírez,Tamaulipas,1995-04-04,Plata
C01199,Ana,Mendoza,Chihuahua,1980-10-07,Bronce
C01200,Sofía,Ortiz,Nuevo León,1966-01-28,Plata
