DevolucionID,VentaID,ClienteID,FechaDevolucion,Motivo
D00001,V000003,C00170,2025-12-20,Cambio de opinión
D00002,V000004,C00456,2025-02-08,Producto dañado
D00003,V000009,C00266,2025-09-07,Entrega tardía
D00004,V000010,C00975,2025-09-23,Cambio de opinión
D00005,V000015,C00146,2025-02-10,Producto incorrecto
D00006,V000023,C00167,2026-01-10,Entrega tardía
D00007,V000025,C00400,2026-01-15,Producto dañado
D00008,V000027,C01051,2025-04-02,Entrega tardía
D00009,V000028,C00126,2025-10-14,Producto incorrecto
D00010,V000034,C00570,2025-02-10,Producto defectuoso
D00011,V000035,C00346,2025-11-09,Producto incorrecto
D00012,V000045,C00087,2025-10-12,Cambio de opinión
D00013,V000046,C01109,2025-12-13,Cambio de opinión
D00014,V000049,C00835,2025-01-24,Producto defectuoso
D00015,V000051,C00691,2025-05-23,Producto defectuoso
D00016,V000053,C00734,2025-10-12,Producto dañado
D00017,V000056,C00620,2025-04-06,Cambio de opinión
D00018,V000059,C00500,2025-11-03,Producto defectuoso
D00019,V000070,C00674,2026-01-04,Entrega tardía
D00020,V000074,C00569,2026-01-25,Producto incorrecto
D00021,V000078,C00552,2025-12-24,Producto dañado
D00022,V000087,C01061,2025-07-01,Producto incorrecto
D00023,V000091,C00281,2025-05-29,Entrega tardía
D00024,V000097,C00464,2025-04-11,Entrega tardía
D00025,V000110,C00186,2025-09-13,Entrega tardía
D00026,V000116,C00032,2025-09-09,Producto dañado
D00027,V000119,C00017,2025-12-04,Entrega tardía
D00028,V000129,C00792,2025-05-04,Entrega tardía
D00029,V000131,C00066,2025-07-18,Producto dañado
D00030,V000132,C00108,2025-10-18,Producto incorrecto
D00031,V000135,C00433,2025-08-20,Producto incorrecto
D00032,V000136,C00017,2025-11-24,Producto incorrecto
D00033,V000137,C01020,2025-09-30,Cambio de opinión
D00034,V000141,C00107,2025-02-17,Producto incorrecto
D00035,V000146,C00499,2025-06-30,Entrega tardía
D00036,V000151,C00070,2025-04-29,Producto incorrecto
D00037,V000153,C00621,2025-09-02,Cambio de opinión
D00038,V000162,C00513,2025-05-02,Entrega tardía
D00039,V000165,C01198,2025-02-01,Producto defectuoso
D00040,V000167,C00524,2025-08-06,Cambio de opinión
D00041,V000170,C00388,2025-05-22,Cambio de opinión
D00042,V000183,C01034,2025-09-19,Producto incorrecto
D00043,V000184,C00530,2025-03-02,Entrega tardía
D00044,V000197,C00431,2025-04-27,Producto defectuoso
D00045,V000200,C00615,2025-05-20,Cambio de opinión
D00046,V000202,C00351,2026-01-08,Producto defectuoso
D00047,V000203,C00849,2025-11-20,Producto incorrecto
D00048,V000204,C00857,2025-08-04,Cambio de opinión
D00049,V000207,C00856,2025-12-14,Producto defectuoso
D00050,V000209,C00362,2025-11-02,Producto incorrecto
D00051,V000210,C00048,2025-12-06,Producto defectuoso
D00052,V000213,C00012,2025-01-31,Cambio de opinión
D00053,V000216,C00640,2025-04-08,Producto incorrecto
D00054,V000217,C00125,2025-04-15,Producto dañado
D00055,V000220,C00025,2025-09-12,Cambio de opinión
D00056,V000235,C01002,2025-09-12,Producto defectuoso
D00057,V000247,C00081,2025-10-04,Entrega tardía
D00058,V000260,C01116,2025-07-24,Cambio de opinión
D00059,V000264,C00118,2025-03-11,Producto incorrecto
D00060,V000276,C00771,2025-11-04,Cambio de opinión
D00061,V000277,C00566,2025-05-14,Cambio de opinión
D00062,V000280,C00794,2025-04-01,Entrega tardía
D00063,V000282,C00011,2025-09-19,Producto defectuoso
D00064,V000285,C00721,2025-07-27,Entrega tardía
D00065,V000290,C00970,2025-07-12,Producto dañado
D00066,V000296,C01137,2025-05-05,Producto dañado
D00067,V000299,C00340,2025-04-21,Producto dañado
D00068,V000312,C00431,2025-02-15,Entrega tardía
D00069,V000313,C00911,2025-11-28,Producto dañado
D00070,V000314,C01023,2025-06-28,Cambio de opinión
D00071,V000315,C00009,2025-09-28,Producto dañado
D00072,V000318,C01001,2025-02-15,Producto dañado
D00073,V000322,C00469,2025-11-20,Producto dañado
D00074,V000326,C00227,2025-06-24,Entrega tardía
D00075,V000330,C01152,2025-12-27,Producto defectuoso
D00076,V000331,C00933,2025-06-20,Cambio de opinión
D00077,V000333,C00455,2025-09-28,Producto dañado
D00078,V000337,C00857,2025-05-29,Cambio de opinión
D00079,V000345,C00463,2025-07-18,Entrega tardía
D00080,V000356,C00068,2025-05-03,Entrega tardía
D00081,V000368,C00835,2025-04-08,Producto incorrecto
D00082,V000371,C00540,2025-07-13,Entrega tardía
D00083,V000379,C00404,2025-09-20,Producto incorrecto
D00084,V000381,C00285,2025-10-05,Producto incorrecto
D00085,V000386,C00978,2025-11-11,Producto incorrecto
D00086,V000398,C00673,2025-05-17,Producto incorrecto
D00087,V000399,C00735,2025-06-23,Entrega tardía
D00088,V000400,C00807,2025-11-20,Producto defectuoso
D00089,V000403,C00385,2025-10-27,Producto dañado
D00090,V000405,C00484,2025-02-04,Producto dañado
D00091,V000413,C00320,2025-07-07,Producto incorrecto
D00092,V000419,C00954,2025-11-26,Producto incorrecto
D00093,V000422,C00659,2025-01-26,Cambio de opinión
D00094,V000428,C01073,2025-06-19,Producto defectuoso
D00095,V000431,C00684,2025-10-06,Cambio de opinión
D00096,V000433,C00192,2025-07-01,Producto dañado
D00097,V000439,C00520,2025-03-21,Entrega tardía
D00098,V000444,C00563,2025-09-16,Producto dañado
D00099,V000452,C00585,2026-01-10,Cambio de opinión
D00100,V000459,C01074,2025-04-08,Producto incorrecto
D00101,V000462,C00616,2025-09-26,Producto incorrecto
D00102,V000463,C00344,2025-12-23,Cambio de opinión
D00103,V000464,C00201,2025-10-29,Producto defectuoso
D00104,V000469,C00495,2025-04-19,Producto defectuoso
D00105,V000470,C01152,2025-05-22,Entrega tardía
D00106,V000481,C00181,2025-04-24,Entrega tardía
D00107,V000489,C01036,2025-12-29,Producto dañado
D00108,V000496,C00113,2025-08-05,Producto defectuoso
D00109,V000503,C00357,2025-10-06,Producto incorrecto
D00110,V000523,C00316,2025-10-11,Producto incorrecto
D00111,V000527,C00826,2025-02-28,Entrega tardía
D00112,V000533,C00126,2025-03-20,Producto incorrecto
D00113,V000539,C00905,2025-10-12,Entrega tardía
D00114,V000541,C00761,2025-07-15,Entrega tardía
D00115,V000542,C01121,2025-02-08,Producto dañado
D00116,V000544,C01156,2025-03-02,Producto defectuoso
D00117,V000557,C00474,2025-10-31,Cambio de opinión
D00118,V000560,C00649,2025-02-22,Producto defectuoso
D00119,V000563,C01101,2025-04-16,Producto defectuoso
D00120,V000564,C01141,2025-10-19,Entrega tardía
D00121,V000565,C00209,2025-10-07,Entrega tardía
D00122,V000571,C00805,2025-09-23,Producto defectuoso
D00123,V000579,C00072,2025-05-10,Cambio de opinión
D00124,V000587,C00697,2025-08-26,Cambio de opinión
D00125,V000588,C00897,2026-01-28,Producto dañado
D00126,V000589,C00456,2025-12-21,Producto dañado
D00127,V000591,C00362,2025-07-17,Producto dañado
D00128,V000593,C00688,2025-05-28,Entrega tardía
D00129,V000594,C00295,2025-12-01,Entrega tardía
D00130,V000601,C00909,2025-11-20,Producto defectuoso
D00131,V000605,C00688,2025-04-26,Cambio de opinión
D00132,V000606,C01090,2025-11-30,Producto incorrecto
D00133,V000608,C00299,2025-08-29,Cambio de opinión
D00134,V000615,C00063,2025-12-16,Producto defectuoso
D00135,V000616,C00950,2025-04-23,Producto dañado
D00136,V000618,C01197,2025-02-12,Cambio de opinión
D00137,V000619,C00527,2025-06-29,Producto incorrecto
D00138,V000622,C00779,2025-06-18,Producto defectuoso
D00139,V000625,C00136,2025-11-04,Entrega tardía
D00140,V000627,C00841,2025-10-31,Producto incorrecto
D00141,V000629,C00836,2025-12-14,Cambio de opinión
D00142,V000637,C00047,2025-02-08,Entrega tardía
D00143,V000640,C00188,2025-09-28,Producto defectuoso
D00144,V000645,C00439,2025-09-04,Cambio de opinión
D00145,V000652,C00641,2025-10-04,Producto defectuoso
D00146,V000655,C00900,2025-12-29,Producto incorrecto
D00147,V000658,C00835,2025-09-06,Producto incorrecto
D00148,V000659,C00709,2025-09-20,Producto dañado
D00149,V000664,C01123,2025-08-20,Producto dañado
D00150,V000665,C00923,2026-01-09,Producto incorrecto
D00151,V000669,C00775,2026-01-23,Entrega tardía
D00152,V000670,C01062,2025-03-12,Entrega tardía
D00153,V000671,C00965,2025-03-29,Producto defectuoso
D00154,V000675,C00965,2025-11-03,Producto incorrecto
D00155,V000678,C00387,2025-04-17,Producto dañado
D00156,V000679,C00918,2025-02-27,Entrega tardía
D00157,V000695,C00368,2025-11-25,Cambio de opinión
D00158,V000696,C01011,2025-03-19,Entrega tardía
D00159,V000697,C01020,2025-07-16,Producto incorrecto
D00160,V000698,C00392,2026-01-05,Producto dañado
D00161,V000703,C00221,2025-03-07,Cambio de opinión
D00162,V000706,C00489,2025-07-12,Producto incorrecto
D00163,V000707,C00402,2025-11-06,Cambio de opinión
D00164,V000716,C00462,2025-12-21,Cambio de opinión
D00165,V000724,C00978,2025-03-07,Producto defectuoso
D00166,V000734,C00323,2025-05-28,Entrega tardía
D00167,V000739,C01178,2025-04-20,Producto dañado
D00168,V000742,C00735,2025-05-07,Producto defectuoso
D00169,V000749,C00702,2025-12-27,Producto defectuoso
D00170,V000761,C00500,2025-03-03,Cambio de opinión
D00171,V000762,C00578,2025-03-04,Producto incorrecto
D00172,V000763,C00106,2025-06-16,Cambio de opinión
D00173,V000764,C00514,2025-12-23,Producto defectuoso
D00174,V000771,C00851,2025-11-04,Entrega tardía
D00175,V000774,C00253,2025-10-14,Entrega tardía
D00176,V000776,C00362,2025-12-14,Producto incorrecto
D00177,V000779,C00758,2025-07-03,Producto dañado
D00178,V000787,C00487,2025-02-16,Producto incorrecto
D00179,V000794,C00477,2025-09-17,Entrega tardía
D00180,V000797,C00924,2025-11-26,Producto incorrecto
D00181,V000798,C00253,2025-05-22,Entrega tardía
D00182,V000800,C00901,2025-08-11,Producto dañado
D00183,V000818,C00905,2025-06-01,Entrega tardía
D00184,V000820,C01053,2025-08-20,Producto dañado
D00185,V000822,C01048,2025-09-21,Entrega tardía
D00186,V000830,C00787,2025-01-22,Producto incorrecto
D00187,V000835,C01141,2025-12-11,Producto dañado
D00188,V000844,C00441,2025-03-20,Producto incorrecto
D00189,V000845,C00037,2025-12-11,Producto incorrecto
D00190,V000848,C00104,2025-12-08,Entrega tardía
D00191,V000849,C00219,2026-01-09,Producto defectuoso
D00192,V000850,C01171,2025-06-15,Entrega tardía
D00193,V000853,C00759,2025-03-18,Cambio de opinión
D00194,V000854,C00098,2025-06-10,Producto defectuoso
D00195,V000855,C00039,2025-01-21,Producto incorrecto
D00196,V000858,C00163,2025-06-04,Entrega tardía
D00197,V000868,C00944,2025-08-22,Producto incorrecto
D00198,V000869,C00757,2025-10-11,Producto incorrecto
D00199,V000871,C00718,2025-12-24,Producto defectuoso
D00200,V000878,C00815,2025-11-02,Producto dañado
D00201,V000884,C00176,2025-03-02,Producto incorrecto
D00202,V000885,C00666,2025-05-21,Cambio de opinión
D00203,V000887,C00005,2025-10-09,Cambio de opinión
D00204,V000892,C00636,2025-08-11,Producto defectuoso
D00205,V000894,C00694,2025-12-25,Producto incorrecto
D00206,V000900,C00671,2025-06-28,Producto incorrecto
D00207,V000903,C00029,2025-04-07,Producto dañado
D00208,V000907,C01013,2025-09-22,Producto incorrecto
D00209,V000912,C00197,2025-07-08,Producto dañado
D00210,V000914,C01058,2025-04-12,Cambio de opinión
D00211,V000921,C00360,2025-07-25,Cambio de opinión
D00212,V000944,C01046,2025-12-04,Cambio de opinión
D00213,V000956,C01174,2026-01-08,Producto defectuoso
D00214,V000971,C01096,2025-05-08,Producto dañado
D00215,V000974,C00426,2025-05-31,Producto defectuoso
D00216,V000976,C00507,2025-08-26,Cambio de opinión
D00217,V000989,C00179,2025-03-30,Producto defectuoso
D00218,V000996,C00895,2025-06-13,Entrega tardía
D00219,V000997,C00301,2025-12-06,Cambio de opinión
D00220,V001000,C00130,2025-12-18,Entrega tardía
D00221,V001006,C00544,2025-10-11,Entrega tardía
D00222,V001009,C01021,2025-06-19,Cambio de opinión
D00223,V001010,C00594,2025-04-07,Producto incorrecto
D00224,V001014,C01101,2025-05-14,Producto dañado
D00225,V001018,C00792,2025-06-15,Producto defectuoso
D00226,V001025,C00861,2025-04-15,Cambio de opinión
D00227,V001029,C01180,2025-05-08,Entrega tardía
D00228,V001030,C00877,2025-10-17,Entrega tardía
D00229,V001031,C01178,2025-06-29,Producto defectuoso
D00230,V001032,C00120,2025-04-10,Producto dañado
D00231,V001035,C00985,2025-07-02,Entrega tardía
D00232,V001043,C00642,2025-11-27,Entrega tardía
D00233,V001047,C00221,2025-11-27,Producto defectuoso
D00234,V001051,C00556,2025-10-10,Cambio de opinión
D00235,V001054,C00101,2025-05-19,Producto incorrecto
D00236,V001057,C00782,2025-09-21,Producto defectuoso
D00237,V001058,C00660,2025-09-23,Producto defectuoso
D00238,V001059,C01076,2025-10-27,Producto dañado
D00239,V001061,C00711,2025-09-10,Producto incorrecto
D00240,V001063,C00266,2025-08-22,Producto incorrecto
D00241,V001065,C00426,2025-07-11,Entrega tardía
D00242,V001066,C00251,2026-01-03,Cambio de opinión
D00243,V001081,C00845,2025-12-21,Producto incorrecto
D00244,V001085,C00799,2025-08-12,Producto defectuoso
D00245,V001093,C00129,2025-07-06,Cambio de opinión
D00246,V001095,C00529,2025-11-08,Producto defectuoso
D00247,V001097,C00327,2025-05-13,Entrega tardía
D00248,V001102,C00953,2025-10-12,Entrega tardía
D00249,V001108,C00742,2025-04-23,Entrega tardía
D00250,V001109,C00327,2025-07-21,Producto incorrecto
D00251,V001110,C00904,2025-09-17,Producto defectuoso
D00252,V001113,C00551,2025-09-06,Entrega tardía
D00253,V001115,C00444,2025-04-09,Cambio de opinión
D00254,V001122,C00296,2025-04-10,Producto defectuoso
D00255,V001125,C00654,2025-06-20,Producto defectuoso
D00256,V001126,C00077,2025-06-16,Producto dañado
D00257,V001144,C00616,2025-04-01,Cambio de opinión
D00258,V001147,C00791,2025-07-20,Producto dañado
D00259,V001150,C00531,2025-01-29,Cambio de opinión
D00260,V001169,C01022,2025-10-07,Producto incorrecto
D00261,V001172,C01068,2025-12-21,Producto incorrecto
D00262,V001173,C00119,2025-04-27,Producto defectuoso
D00263,V001179,C00707,2025-10-13,Entrega tardía
D00264,V001182,C00890,2025-12-05,Producto defectuoso
D00265,V001186,C01180,2025-07-28,Producto defectuoso
D00266,V001190,C00263,2025-11-02,Producto incorrecto
D00267,V001200,C00675,2025-05-26,Cambio de opinión
D00268,V001203,C00724,2026-01-16,Producto incorrecto
D00269,V001204,C00116,2025-07-22,Entrega tardía
D00270,V001205,C00704,2025-03-24,Entrega tardía
D00271,V001210,C00450,2025-11-15,Producto defectuoso
D00272,V001213,C00489,2025-04-09,Producto incorrecto
D00273,V001214,C00780,2025-10-22,Producto dañado
D00274,V001219,C00250,2025-11-06,Producto defectuoso
D00275,V001223,C01093,2025-06-12,Cambio de opinión
D00276,V001231,C00568,2025-02-09,Producto defectuoso
D00277,V001233,C01000,2025-03-21,Producto defectuoso
D00278,V001234,C00667,2025-08-02,Producto incorrecto
D00279,V001235,C00706,2025-09-16,Cambio de opinión
D00280,V001264,C01078,2025-05-17,Entrega tardía
D00281,V001271,C00679,2025-06-10,Producto incorrecto
D00282,V001272,C00753,2025-03-19,Cambio de opinión
D00283,V001276,C01137,2026-01-12,Cambio de opinión
D00284,V001277,C00995,2025-07-17,Cambio de opinión
D00285,V001294,C00474,2025-09-01,Entrega tardía
D00286,V001298,C01128,2025-08-16,Producto incorrecto
D00287,V001300,C01131,2025-10-19,Producto dañado
D00288,V001301,C00663,2025-09-11,Producto dañado
D00289,V001314,C00224,2025-09-18,Producto incorrecto
D00290,V001316,C01055,2025-12-09,Producto defectuoso
D00291,V001322,C00230,2025-02-26,Producto dañado
D00292,V001333,C00683,2025-09-29,Producto incorrecto
D00293,V001349,C00082,2025-07-21,Cambio de opinión
D00294,V001359,C00175,2025-03-03,Cambio de opinión
D00295,V001367,C00900,2025-05-08,Producto dañado
D00296,V001368,C00606,2025-01-21,Producto incorrecto
D00297,V001370,C00261,2025-09-10,Entrega tardía
D00298,V001373,C00620,2025-06-26,Cambio de opinión
D00299,V001386,C00368,2025-07-10,Producto defectuoso
D00300,V001390,C00592,2025-12-10,Cambio de opinión
D00301,V001407,C01065,2025-01-30,Producto incorrecto
D00302,V001410,C00844,2025-08-01,Cambio de opinión
D00303,V001420,C00456,2025-07-30,Producto dañado
D00304,V001430,C00576,2025-03-18,Producto defectuoso
D00305,V001432,C00003,2025-11-08,Cambio de opinión
D00306,V001441,C00270,2025-05-06,Entrega tardía
D00307,V001454,C00767,2025-08-23,Entrega tardía
D00308,V001460,C00432,2025-03-05,Producto defectuoso
D00309,V001473,C01100,2025-10-27,Producto dañado
D00310,V001482,C00569,2025-04-10,Producto defectuoso
D00311,V001486,C01185,2025-07-08,Producto dañado
D00312,V001498,C01001,2025-11-21,Producto incorrecto
D00313,V001501,C00345,2025-08-07,Entrega tardía
D00314,V001517,C01175,2025-08-20,Producto defectuoso
D00315,V001523,C00559,2025-12-17,Producto incorrecto
D00316,V001526,C00613,2025-11-11,Producto defectuoso
D00317,V001537,C00699,2025-11-06,Cambio de opinión
D00318,V001546,C00448,2025-11-14,Producto defectuoso
D00319,V001549,C00197,2025-09-13,Entrega tardía
D00320,V001553,C00013,2025-07-19,Entrega tardía
D00321,V001557,C00366,2025-03-21,Producto dañado
D00322,V001567,C00401,2025-03-16,Producto incorrecto
D00323,V001575,C00352,2025-08-15,Producto incorrecto
D00324,V001580,C00018,2025-06-10,Producto dañado
D00325,V001596,C00312,2025-01-23,Cambio de opinión
D00326,V001599,C00564,2025-03-28,Producto incorrecto
D00327,V001602,C00919,2025-08-07,Cambio de opinión
D00328,V001618,C00764,2025-02-14,Producto dañado
D00329,V001623,C00042,2025-09-11,Producto defectuoso
D00330,V001628,C00501,2025-08-01,Producto dañado
D00331,V001630,C01065,2025-06-18,Producto dañado
D00332,V001633,C00593,2025-07-06,Producto incorrecto
D00333,V001641,C00019,2025-07-04,Entrega tardía
D00334,V001643,C00304,2025-07-14,Entrega tardía
D00335,V001645,C01155,2025-09-11,Producto incorrecto
D00336,V001651,C00189,2025-02-28,Producto defectuoso
D00337,V001654,C00557,2025-01-31,Producto defectuoso
D00338,V001657,C00283,2025-11-09,Cambio de opinión
D00339,V001660,C01069,2025-08-25,Entrega tardía
D00340,V001672,C00271,2025-02-13,Producto incorrecto
D00341,V001679,C00433,2025-09-08,Producto dañado
D00342,V001681,C00505,2025-09-02,Producto incorrecto
D00343,V001688,C01159,2025-11-01,Producto incorrecto
D00344,V001709,C00278,2025-05-02,Entrega tardía
D00345,V001712,C00638,2025-02-06,Entrega tardía
D00346,V001716,C00873,2025-06-23,Producto incorrecto
D00347,V001717,C00890,2025-10-03,Producto dañado
D00348,V001718,C01050,2025-10-09,Producto dañado
D00349,V001719,C00033,2026-01-08,Entrega tardía
D00350,V001720,C00562,2025-10-29,Producto dañado
D00351,V001722,C00939,2025-11-18,Producto defectuoso
D00352,V001726,C00033,2025-09-14,Cambio de opinión
D00353,V001730,C00263,2025-06-13,Producto incorrecto
D00354,V001731,C00220,2025-06-10,Producto dañado
D00355,V001732,C00083,2025-07-10,Producto incorrecto
D00356,V001737,C01192,2025-10-24,Producto defectuoso
D00357,V001738,C00134,2025-08-07,Producto incorrecto
D00358,V001740,C00285,2025-06-21,Producto incorrecto
D00359,V001751,C00244,2025-10-02,Producto dañado
D00360,V001756,C01019,2025-08-09,Producto incorrecto
D00361,V001758,C00994,2025-07-13,Producto defectuoso
D00362,V001772,C00265,2025-04-17,Producto defectuoso
D00363,V001774,C00983,2025-06-24,Producto incorrecto
D00364,V001779,C00326,2025-12-05,Cambio de opinión
D00365,V001783,C00128,2025-08-09,Producto dañado
D00366,V001784,C01196,2025-04-25,Cambio de opinión
D00367,V001785,C00188,2025-11-02,Producto defectuoso
D00368,V001790,C01056,2025-04-20,Cambio de opinión
D00369,V001791,C00201,2025-05-15,Cambio de opinión
D00370,V001796,C00375,2025-10-21,Entrega tardía
D00371,V001797,C00269,2025-03-27,Producto defectuoso
D00372,V001798,C00240,2025-10-15,Producto dañado
D00373,V001807,C00097,2025-12-04,Producto dañado
D00374,V001813,C00540,2025-09-04,Entrega tardía
D00375,V001816,C01045,2025-05-04,Producto incorrecto
D00376,V001828,C00372,2025-06-25,Producto dañado
D00377,V001853,C00748,2025-09-19,Entrega tardía
D00378,V001855,C00920,2025-11-11,Cambio de opinión
D00379,V001858,C00228,2025-06-07,Producto dañado
D00380,V001860,C00108,2025-03-06,Producto incorrecto
D00381,V001867,C00004,2025-05-30,Cambio de opinión
D00382,V001869,C01063,2025-04-02,Producto dañado
D00383,V001873,C00389,2025-09-30,Entrega tardía
D00384,V001886,C00793,2025-08-15,Cambio de opinión
D00385,V001887,C00194,2026-01-09,Producto dañado
D00386,V001890,C01045,2025-03-25,Producto defectuoso
D00387,V001895,C00428,2025-07-27,Entrega tardía
D00388,V001897,C00476,2025-02-17,Producto defectuoso
D00389,V001899,C00868,2025-07-04,Cambio de opinión
D00390,V001901,C00494,2025-02-14,Cambio de opinión
D00391,V001903,C00543,2025-07-01,Producto dañado
D00392,V001908,C00345,2025-09-14,Producto dañado
D00393,V001913,C00559,2025-09-20,Entrega tardía
D00394,V001914,C00191,2025-01-20,Entrega tardía
D00395,V001918,C00631,2025-07-09,Entrega tardía
D00396,V001924,C00763,2025-12-14,Producto dañado
D00397,V001934,C00350,2025-06-11,Producto defectuoso
D00398,V001935,C00520,2025-01-29,Producto defectuoso
D00399,V001938,C00169,2025-11-13,Cambio de opinión
D00400,V001939,C01010,2025-04-11,Entrega tardía
D00401,V001944,C00699,2025-05-15,Producto defectuoso
D00402,V001949,C00913,2025-09-30,Producto incorrecto
D00403,V001957,C00811,2025-05-13,Producto defectuoso
D00404,V001958,C00218,2025-09-04,Producto defectuoso
D00405,V001960,C00828,2025-05-18,Entrega tardía
D00406,V001962,C00918,2025-03-02,Entrega tardía
D00407,V001964,C00198,2025-12-03,Producto defectuoso
D00408,V001966,C01178,2025-08-03,Producto incorrecto
D00409,V001967,C00789,2025-12-21,Producto dañado
D00410,V001971,C00241,2025-03-22,Cambio de opinión
D00411,V001990,C00726,2025-11-11,Producto defectuoso
D00412,V002000,C00901,2025-02-18,Producto defectuoso
D00413,V002002,C00177,2025-10-08,Producto dañado
D00414,V002007,C01047,2025-10-20,Entrega tardía
D00415,V002008,C00496,2025-02-03,Producto dañado
D00416,V002011,C00178,2025-08-10,Entrega tardía
D00417,V002018,C00853,2025-05-29,Producto incorrecto
D00418,V002028,C00912,2025-02-17,Cambio de opinión
D00419,V002029,C00881,2025-06-23,Producto dañado
D00420,V002033,C01091,2026-01-13,Cambio de opinión
D00421,V002041,C00889,2025-02-21,Producto incorrecto
D00422,V002049,C00780,2025-11-26,Producto dañado
D00423,V002052,C00164,2025-08-14,Producto dañado
D00424,V002053,C00537,2025-11-02,Producto defectuoso
D00425,V002059,C00388,2025-03-26,Entrega tardía
D00426,V002062,C00774,2025-10-27,Producto defectuoso
D00427,V002063,C00002,2025-02-01,Producto defectuoso
D00428,V002066,C00554,2025-09-15,Producto defectuoso
D00429,V002072,C00045,2025-06-19,Producto incorrecto
D00430,V002077,C00476,2025-12-28,Cambio de opinión
D00431,V002080,C00966,2025-08-10,Producto defectuoso
D00432,V002100,C00036,2025-12-29,Producto dañado
D00433,V002110,C00107,2025-08-17,Producto incorrecto
D00434,V002119,C00724,2025-05-02,Entrega tardía
D00435,V002122,C00220,2025-08-23,Producto incorrecto
D00436,V002123,C00774,2025-03-23,Entrega tardía
D00437,V002128,C00681,2026-01-03,Producto defectuoso
D00438,V002133,C00235,2025-02-22,Producto incorrecto
D00439,V002144,C00305,2025-04-16,Producto incorrecto
D00440,V002145,C00445,2025-06-09,Producto dañado
D00441,V002149,C00384,2025-11-24,Producto incorrecto
D00442,V002151,C01114,2025-04-23,Cambio de opinión
D00443,V002154,C00854,2025-10-24,Entrega tardía
D00444,V002156,C01196,2025-12-27,Producto defectuoso
D00445,V002157,C00030,2025-08-08,Producto defectuoso
D00446,V002168,C01127,2025-06-01,Cambio de opinión
D00447,V002172,C00269,2025-03-04,Cambio de opinión
D00448,V002174,C00071,2025-06-08,Producto defectuoso
D00449,V002184,C00415,2025-06-01,Entrega tardía
D00450,V002185,C01069,2025-01-28,Producto defectuoso
D00451,V002187,C00238,2025-12-13,Producto defectuoso
D00452,V002195,C00440,2025-07-22,Producto defectuoso
D00453,V002206,C00190,2025-04-30,Entrega tardía
D00454,V002209,C00631,2025-02-06,Cambio de opinión
D00455,V002210,C01011,2025-06-05,Producto incorrecto
D00456,V002216,C00033,2025-08-20,Producto dañado
D00457,V002218,C01165,2025-05-12,Cambio de opinión
D00458,V002221,C01017,2025-10-22,Producto incorrecto
D00459,V002225,C00433,2025-07-17,Producto incorrecto
D00460,V002229,C00496,2025-10-22,Producto defectuoso
D00461,V002246,C01129,2025-03-02,Producto incorrecto
D00462,V002270,C00551,2025-11-11,Entrega tardía
D00463,V002278,C00757,2025-11-16,Cambio de opinión
D00464,V002280,C00192,2025-10-30,Entrega tardía
D00465,V002286,C01150,2025-09-12,Producto dañado
D00466,V002293,C00339,2025-09-08,Entrega tardía
D00467,V002306,C01093,2025-09-16,Producto defectuoso
D00468,V002308,C00286,2025-04-30,Entrega tardía
D00469,V002314,C00275,2025-02-08,Producto defectuoso
D00470,V002321,C00198,2025-02-03,Producto defectuoso
D00471,V002324,C01082,2025-10-30,Producto incorrecto
D00472,V002326,C00921,2025-05-10,Producto dañado
D00473,V002327,C00912,2025-04-16,Producto dañado
D00474,V002328,C00242,2025-03-14,Producto defectuoso
D00475,V002344,C00602,2025-12-29,Cambio de opinión
D00476,V002346,C00049,2025-09-16,Entrega tardía
D00477,V002352,C00036,2025-07-24,Entrega tardía
D00478,V002355,C00366,2025-01-28,Producto defectuoso
D00479,V002363,C00125,2025-04-18,Producto incorrecto
D00480,V002366,C00519,2025-06-05,Producto incorrecto
D00481,V002368,C00149,2025-10-20,Entrega tardía
D00482,V002374,C00982,2025-10-20,Cambio de opinión
D00483,V002378,C01196,2026-01-10,Entrega tardía
D00484,V002382,C00132,2025-07-25,Producto dañado
D00485,V002385,C00942,2025-12-05,Producto incorrecto
D00486,V002397,C00545,2025-06-13,Producto incorrecto
D00487,V002407,C00858,2025-03-05,Producto incorrecto
D00488,V002410,C00378,2025-08-19,Producto incorrecto
D00489,V002413,C01008,2025-08-19,Producto dañado
D00490,V002422,C00250,2026-01-21,Entrega tardía
D00491,V002427,C00816,2025-03-02,Producto defectuoso
D00492,V002430,C00408,2025-10-24,Entrega tardía
D00493,V002431,C01040,2025-03-25,Cambio de opinión
D00494,V002433,C00531,2025-08-24,Producto incorrecto
D00495,V002434,C00085,2025-10-04,Cambio de opinión
D00496,V002437,C00617,2025-07-27,Producto incorrecto
D00497,V002438,C00713,2025-02-07,Entrega tardía
D00498,V002440,C00926,2025-12-11,Producto dañado
D00499,V002441,C00242,2025-04-13,Producto incorrecto
D00500,V002442,C00981,2025-03-26,Producto dañado
D00501,V002459,C01192,2025-02-17,Producto dañado
D00502,V002462,C00259,2025-05-20,Cambio de opinión
D00503,V002465,C00312,2025-09-17,Cambio de opinión
D00504,V002470,C00518,2025-07-20,Entrega tardía
D00505,V002479,C00712,2025-10-08,Entrega tardía
D00506,V002480,C00837,2025-06-07,Entrega tardía
D00507,V002485,C00423,2025-05-30,Cambio de opinión
D00508,V002490,C00091,2025-01-18,Producto incorrecto
D00509,V002492,C00806,2025-08-21,Cambio de opinión
D00510,V002493,C00459,2025-04-25,Producto defectuoso
D00511,V002506,C01059,2025-09-24,Entrega tardía
D00512,V002510,C00917,2025-12-03,Producto dañado
D00513,V002528,C01091,2025-10-23,Producto defectuoso
D00514,V002529,C00690,2025-08-31,Cambio de opinión
D00515,V002533,C00101,2025-10-11,Producto defectuoso
D00516,V002539,C00656,2025-02-10,Entrega tardía
D00517,V002542,C00173,2025-11-16,Cambio de opinión
D00518,V002547,C01085,2025-03-29,Producto dañado
D00519,V002555,C00726,2026-01-03,Cambio de opinión
D00520,V002557,C00609,2025-04-02,Entrega tardía
D00521,V002563,C01052,2025-10-29,Producto defectuoso
D00522,V002566,C00810,2025-08-24,Producto dañado
D00523,V002573,C00039,2025-09-06,Producto incorrecto
D00524,V002579,C01200,2025-08-26,Cambio de opinión
D00525,V002580,C00673,2025-04-30,Producto defectuoso
D00526,V002586,C00454,2025-07-07,Cambio de opinión
D00527,V002589,C00768,2025-07-02,Producto incorrecto
D00528,V002605,C00446,2025-08-17,Entrega tardía
D00529,V002608,C00267,2025-01-30,Producto incorrecto
D00530,V002614,C00598,2025-10-30,Producto defectuoso
D00531,V002617,C00927,2025-04-05,Cambio de opinión
D00532,V002621,C00219,2025-04-21,Producto dañado
D00533,V002625,C00336,2026-01-13,Cambio de opinión
D00534,V002639,C00987,2025-06-01,Producto incorrecto
D00535,V002642,C01170,2025-03-05,Producto incorrecto
D00536,V002653,C01148,2025-05-22,Cambio de opinión
D00537,V002654,C01148,2026-01-11,Entrega tardía
D00538,V002663,C00923,2025-12-06,Cambio de opinión
D00539,V002665,C00294,2025-06-30,Entrega tardía
D00540,V002669,C00571,2025-07-04,Producto incorrecto
D00541,V002670,C00926,2025-07-16,Entrega tardía
D00542,V002671,C00375,2025-10-12,Entrega tardía
D00543,V002674,C00336,2025-03-27,Producto defectuoso
D00544,V002679,C00133,2025-11-05,Producto incorrecto
D00545,V002682,C00027,2025-04-13,Producto defectuoso
D00546,V002684,C01196,2025-08-14,Producto dañado
D00547,V002685,C00782,2025-10-15,Entrega tardía
D00548,V002686,C00651,2025-12-22,Cambio de opinión
D00549,V002687,C00231,2025-07-11,Cambio de opinión
D00550,V002688,C00826,2026-01-06,Producto incorrecto
D00551,V002690,C00101,2026-01-28,Entrega tardía
D00552,V002697,C00204,2025-01-25,Producto defectuoso
D00553,V002713,C00474,2025-06-15,Producto dañado
D00554,V002715,C01054,2025-10-28,Producto defectuoso
D00555,V002724,C00037,2025-04-08,Producto incorrecto
D00556,V002728,C00544,2025-10-06,Producto dañado
D00557,V002729,C00593,2025-08-20,Producto defectuoso
D00558,V002739,C00668,2025-06-04,Entrega tardía
D00559,V002740,C00601,2025-05-22,Producto defectuoso
D00560,V002741,C00189,2025-03-19,Producto incorrecto
D00561,V002751,C00617,2025-12-05,Producto defectuoso
D00562,V002755,C00452,2025-02-27,Producto dañado
D00563,V002757,C00536,2025-08-27,Cambio de opinión
D00564,V002758,C00145,2025-11-07,Producto incorrecto
D00565,V002763,C00989,2025-04-27,Entrega tardía
D00566,V002766,C00469,2025-03-13,Cambio de opinión
D00567,V002769,C00959,2025-08-23,Entrega tardía
D00568,V002777,C00407,2025-02-08,Cambio de opinión
D00569,V002778,C00922,2025-10-17,Producto defectuoso
D00570,V002793,C01028,2025-08-27,Cambio de opinión
D00571,V002798,C00100,2025-07-14,Producto incorrecto
D00572,V002799,C00177,2025-05-31,Producto defectuoso
D00573,V002803,C00300,2025-10-12,Cambio de opinión
D00574,V002805,C00009,2025-11-25,Producto defectuoso
D00575,V002808,C00733,2025-04-05,Producto incorrecto
D00576,V002809,C00399,2025-04-17,Producto defectuoso
D00577,V002810,C01148,2025-07-01,Producto defectuoso
D00578,V002811,C00152,2025-07-28,Producto dañado
D00579,V002815,C00528,2025-07-31,Cambio de opinión
D00580,V002823,C00675,2025-05-10,Cambio de opinión
D00581,V002825,C00481,2025-08-14,Producto defectuoso
D00582,V002833,C00758,2025-05-18,Producto dañado
D00583,V002834,C00048,2025-08-05,Entrega tardía
D00584,V002840,C00806,2025-03-18,Producto dañado
D00585,V002843,C00780,2025-10-07,Cambio de opinión
D00586,V002844,C00935,2025-07-25,Producto dañado
D00587,V002846,C00235,2025-12-08,Producto defectuoso
D00588,V002852,C00889,2025-08-24,Cambio de opinión
D00589,V002855,C01128,2025-02-11,Entrega tardía
D00590,V002857,C00697,2025-04-16,Cambio de opinión
D00591,V002860,C01064,2025-10-14,Entrega tardía
D00592,V002862,C00549,2025-03-28,Producto dañado
D00593,V002886,C01006,2025-02-08,Producto defectuoso
D00594,V002893,C00844,2025-03-19,Entrega tardía
D00595,V002900,C01079,2025-05-19,Producto incorrecto
D00596,V002919,C00700,2025-07-31,Entrega tardía
D00597,V002921,C00861,2025-10-06,Producto dañado
D00598,V002926,C00565,2025-09-21,Entrega tardía
D00599,V002932,C00058,2025-11-09,Entrega tardía
D00600,V002933,C00955,2025-06-21,Producto dañado
D00601,V002938,C01124,2025-05-16,Cambio de opinión
D00602,V002941,C00175,2025-11-03,Producto dañado
D00603,V002942,C01144,2025-12-11,Producto incorrecto
D00604,V002949,C00130,2025-09-21,Producto dañado
D00605,V002950,C00302,2025-10-25,Producto defectuoso
D00606,V002952,C00868,2025-03-31,Entrega tardía
D00607,V002955,C00015,2025-09-15,Cambio de opinión
D00608,V002956,C00561,2025-11-10,Producto dañado
D00609,V002966,C01179,2025-09-24,Cambio de opinión
D00610,V002972,C00582,2025-02-11,Producto dañado
D00611,V002973,C00681,2025-07-23,Producto dañado
D00612,V002975,C01009,2025-03-25,Cambio de opinión
D00613,V002982,C00063,2025-11-24,Entrega tardía
D00614,V002984,C00897,2025-06-23,Entrega tardía
D00615,V002989,C01173,2025-11-12,Producto defectuoso
D00616,V002991,C01063,2025-06-07,Entrega tardía
D00617,V003003,C01110,2025-09-06,Producto incorrecto
D00618,V003007,C00015,2026-01-23,Producto incorrecto
D00619,V003015,C00668,2025-03-01,Producto dañado
D00620,V003018,C00653,2025-02-09,Cambio de opinión
D00621,V003023,C00988,2025-06-14,Producto incorrecto
D00622,V003024,C00807,2025-12-26,Producto incorrecto
D00623,V003030,C00998,2025-01-21,Cambio de opinión
D00624,V003041,C01014,2025-05-09,Cambio de opinión
D00625,V003043,C00239,2025-05-16,Producto defectuoso
D00626,V003044,C00478,2026-01-20,Producto incorrecto
D00627,V003053,C00655,2025-05-15,Producto defectuoso
D00628,V003054,C01119,2025-01-18,Producto defectuoso
D00629,V003084,C00087,2025-03-20,Producto defectuoso
D00630,V003085,C00249,2025-04-17,Entrega tardía
D00631,V003090,C00679,2025-10-01,Producto defectuoso
D00632,V003094,C01144,2025-06-02,Producto incorrecto
D00633,V003108,C00453,2025-05-26,Producto defectuoso
D00634,V003110,C00447,2025-05-16,Producto incorrecto
D00635,V003124,C00991,2025-02-10,Entrega tardía
D00636,V003132,C00291,2025-11-26,Entrega tardía
D00637,V003139,C01033,2025-04-20,Producto dañado
D00638,V003145,C00804,2025-01-16,Entrega tardía
D00639,V003148,C00325,2025-07-31,Producto defectuoso
D00640,V003151,C00606,2025-03-26,Producto incorrecto
D00641,V003156,C01034,2025-10-31,Producto incorrecto
D00642,V003160,C00512,2025-11-09,Producto defectuoso
D00643,V003166,C00278,2025-06-28,Cambio de opinión
D00644,V003174,C00542,2025-01-24,Producto dañado
D00645,V003175,C00213,2025-10-02,Producto defectuoso
D00646,V003179,C00833,2025-12-24,Entrega tardía
D00647,V003181,C01037,2025-10-04,Producto incorrecto
D00648,V003185,C00718,2025-05-02,Producto incorrecto
D00649,V003214,C00095,2025-03-06,Entrega tardía
D00650,V003219,C00168,2025-12-17,Cambio de opinión
D00651,V003221,C01067,2025-08-15,Entrega tardía
D00652,V003222,C00155,2025-04-22,Cambio de opinión
D00653,V003229,C00085,2025-02-19,Entrega tardía
D00654,V003231,C00756,2025-07-10,Producto incorrecto
D00655,V003232,C00443,2025-10-18,Producto incorrecto
D00656,V003237,C00986,2025-12-02,Producto incorrecto
D00657,V003240,C00515,2025-01-09,Producto dañado
D00658,V003243,C00950,2025-02-08,Cambio de opinión
D00659,V003244,C00988,2025-04-13,Cambio de opinión
D00660,V003250,C01143,2025-05-15,Producto defectuoso
D00661,V003252,C00284,2025-01-22,Entrega tardía
D00662,V003257,C00593,2025-12-17,Producto dañado
D00663,V003260,C00178,2025-06-13,Producto dañado
D00664,V003262,C00230,2025-11-21,Entrega tardía
D00665,V003263,C00403,2025-09-01,Producto incorrecto
D00666,V003267,C01045,2025-03-18,Producto incorrecto
D00667,V003272,C00186,2025-12-27,Producto incorrecto
D00668,V003275,C00276,2025-09-20,Producto dañado
D00669,V003278,C00474,2025-06-06,Cambio de opinión
D00670,V003280,C01029,2025-03-15,Producto incorrecto
D00671,V003286,C00539,2025-05-05,Entrega tardía
D00672,V003287,C00194,2025-06-04,Producto incorrecto
D00673,V003291,C00702,2025-11-07,Cambio de opinión
D00674,V003294,C00973,2025-10-05,Producto defectuoso
D00675,V003299,C00949,2025-12-17,Producto defectuoso
D00676,V003304,C01190,2026-01-22,Producto dañado
D00677,V003308,C00929,2025-06-18,Cambio de opinión
D00678,V003316,C00033,2025-06-11,Entrega tardía
D00679,V003323,C01073,2025-08-18,Producto dañado
D00680,V003324,C01128,2025-06-09,Producto incorrecto
D00681,V003330,C00310,2025-08-25,Producto incorrecto
D00682,V003335,C00232,2025-09-15,Entrega tardía
D00683,V003343,C00854,2025-08-17,Entrega tardía
D00684,V003344,C01117,2025-01-27,Producto incorrecto
D00685,V003345,C00380,2025-10-25,Producto dañado
D00686,V003365,C00272,2025-04-25,Producto incorrecto
D00687,V003368,C00318,2025-05-06,Producto incorrecto
D00688,V003377,C01149,2025-03-19,Producto defectuoso
D00689,V003378,C00770,2025-06-20,Entrega tardía
D00690,V003381,C00834,2025-11-06,Producto dañado
D00691,V003386,C00836,2025-08-18,Producto defectuoso
D00692,V003390,C00893,2025-05-11,Producto incorrecto
D00693,V003391,C00151,2025-10-01,Producto defectuoso
D00694,V003396,C00702,2025-01-18,Cambio de opinión
D00695,V003404,C00126,2025-03-24,Producto defectuoso
D00696,V003416,C00975,2025-06-30,Producto dañado
D00697,V003417,C01102,2025-09-05,Producto incorrecto
D00698,V003442,C00469,2025-05-15,Producto dañado
D00699,V003443,C00100,2025-11-24,Entrega tardía
D00700,V003446,C01100,2025-04-06,Producto incorrecto
D00701,V003450,C00333,2025-10-09,Cambio de opinión
D00702,V003454,C00635,2025-03-04,Cambio de opinión
D00703,V003457,C00758,2025-06-06,Producto incorrecto
D00704,V003459,C00521,2025-05-23,Cambio de opinión
D00705,V003460,C00632,2025-08-17,Cambio de opinión
D00706,V003461,C01128,2025-02-18,Producto dañado
D00707,V003474,C00830,2025-12-22,Producto incorrecto
D00708,V003475,C00535,2025-03-19,Producto defectuoso
D00709,V003476,C01051,2025-04-13,Producto dañado
D00710,V003486,C00614,2025-12-14,Cambio de opinión
D00711,V003490,C00711,2025-11-23,Producto incorrecto
D00712,V003493,C00231,2025-04-27,Entrega tardía
D00713,V003495,C00989,2026-01-01,Producto dañado
D00714,V003503,C00305,2025-03-04,Producto incorrecto
D00715,V003504,C00948,2025-11-25,Entrega tardía
D00716,V003519,C01024,2025-04-27,Entrega tardía
D00717,V003521,C01188,2025-10-01,Producto defectuoso
D00718,V003540,C01180,2025-11-24,Entrega tardía
D00719,V003542,C00724,2025-12-17,Producto defectuoso
D00720,V003544,C00999,2025-02-04,Producto dañado
D00721,V003551,C00551,2025-03-25,Producto dañado
D00722,V003554,C00810,2025-04-14,Producto dañado
D00723,V003556,C00601,2025-06-25,Entrega tardía
D00724,V003562,C00732,2025-08-23,Cambio de opinión
D00725,V003563,C00056,2025-12-18,Entrega tardía
D00726,V003569,C00202,2025-06-23,Producto incorrecto
D00727,V003573,C00641,2025-09-26,Producto defectuoso
D00728,V003577,C00662,2025-11-23,Cambio de opinión
D00729,V003594,C00935,2025-10-15,Producto dañado
D00730,V003602,C00752,2025-11-16,Cambio de opinión
D00731,V003608,C00985,2025-03-21,Producto dañado
D00732,V003613,C00856,2025-04-03,Producto defectuoso
D00733,V003621,C00383,2025-06-16,Producto defectuoso
D00734,V003623,C00907,2025-11-11,Producto incorrecto
D00735,V003643,C00794,2025-06-02,Producto defectuoso
D00736,V003646,C00400,2025-08-18,Producto dañado
D00737,V003651,C00661,2025-07-31,Cambio de opinión
D00738,V003652,C00696,2025-05-17,Producto defectuoso
D00739,V003653,C00641,2025-12-06,Producto dañado
D00740,V003660,C01100,2025-08-16,Cambio de opinión
D00741,V003663,C01106,2025-10-13,Producto dañado
D00742,V003665,C00685,2025-07-12,Producto dañado
D00743,V003669,C00117,2025-02-21,Producto dañado
D00744,V003671,C01118,2025-10-14,Producto defectuoso
D00745,V003673,C00898,2025-06-23,Producto dañado
D00746,V003679,C00681,2026-01-19,Entrega tardía
D00747,V003681,C00003,2025-12-08,Producto incorrecto
D00748,V003684,C00070,2025-08-29,Producto dañado
D00749,V003689,C00737,2025-05-27,Cambio de opinión
D00750,V003698,C01090,2025-01-16,Producto dañado
D00751,V003702,C00247,2025-07-10,Producto dañado
D00752,V003704,C00860,2025-06-04,Producto dañado
D00753,V003721,C00417,2025-08-25,Entrega tardía
D00754,V003723,C00419,2025-06-28,Producto dañado
D00755,V003731,C00110,2026-01-03,Producto incorrecto
D00756,V003732,C01010,2025-09-15,Producto dañado
D00757,V003733,C00604,2025-11-27,Producto incorrecto
D00758,V003737,C00689,2025-02-28,Producto dañado
D00759,V003738,C01004,2025-10-15,Producto dañado
D00760,V003741,C00517,2025-02-22,Producto dañado
D00761,V003746,C00932,2025-02-19,Cambio de opinión
D00762,V003753,C00170,2025-07-22,Producto incorrecto
D00763,V003761,C00645,2025-05-15,Producto dañado
D00764,V003762,C00130,2025-05-17,Producto incorrecto
D00765,V003768,C00768,2025-02-26,Cambio de opinión
D00766,V003772,C00633,2025-03-08,Producto dañado
D00767,V003777,C00277,2025-12-17,Producto incorrecto
D00768,V003783,C00239,2025-09-03,Cambio de opinión
D00769,V003788,C00120,2025-06-26,Producto incorrecto
D00770,V003797,C00417,2025-03-29,Producto incorrecto
D00771,V003811,C00517,2025-03-08,Producto dañado
D00772,V003815,C00842,2025-10-03,Cambio de opinión
D00773,V003827,C00180,2025-04-08,Producto dañado
D00774,V003828,C01130,2025-03-04,Entrega tardía
D00775,V003829,C00048,2025-12-15,Producto dañado
D00776,V003837,C01125,2025-12-17,Producto incorrecto
D00777,V003842,C00356,2025-05-27,Producto incorrecto
D00778,V003845,C00526,2025-07-20,Cambio de opinión
D00779,V003849,C00295,2025-12-10,Producto incorrecto
D00780,V003855,C00865,2025-09-30,Producto defectuoso
D00781,V003857,C00957,2025-01-29,Entrega tardía
D00782,V003862,C00659,2025-01-09,Producto dañado
D00783,V003872,C00430,2025-07-27,Producto incorrecto
D00784,V003876,C00017,2025-03-11,Cambio de opinión
D00785,V003884,C00966,2025-07-08,Producto dañado
D00786,V003885,C01029,2025-07-06,Producto incorrecto
D00787,V003889,C00680,2025-04-27,Producto defectuoso
D00788,V003890,C00831,2025-09-28,Producto dañado
D00789,V003896,C00142,2025-11-03,Cambio de opinión
D00790,V003897,C01174,2025-10-01,Cambio de opinión
D00791,V003898,C00256,2025-10-21,Producto dañado
D00792,V003900,C01040,2025-08-28,Producto defectuoso
D00793,V003909,C01098,2025-05-03,Producto dañado
D00794,V003911,C00779,2025-11-20,Entrega tardía
D00795,V003918,C00303,2025-04-24,Producto dañado
D00796,V003927,C00896,2025-03-05,Producto defectuoso
D00797,V003932,C00687,2025-02-08,Producto defectuoso
D00798,V003937,C00694,2025-08-30,Producto defectuoso
D00799,V003940,C00670,2025-03-07,Cambio de opinión
D00800,V003947,C00658,2025-09-16,Producto defectuoso
D00801,V003948,C01167,2025-09-13,Cambio de opinión
D00802,V003953,C00014,2025-01-23,Cambio de opinión
D00803,V003954,C00451,2025-05-19,Producto dañado
D00804,V003955,C00086,2025-06-12,Entrega tardía
D00805,V003976,C00951,2025-12-24,Entrega tardía
D00806,V003981,C00199,2025-08-28,Producto dañado
D00807,V003985,C00241,2025-09-19,Producto dañado
D00808,V003990,C01064,2025-06-30,Entrega tardía
D00809,V003991,C00704,2025-10-12,Producto defectuoso
D00810,V003992,C00383,2026-01-19,Producto incorrecto
D00811,V003995,C01199,2025-01-30,Entrega tardía
D00812,V004006,C00541,2025-12-25,Entrega tardía
D00813,V004008,C00271,2025-05-06,Entrega tardía
D00814,V004010,C00974,2025-11-14,Producto defectuoso
D00815,V004011,C00160,2025-10-18,Cambio de opinión
D00816,V004012,C00680,2026-01-06,Entrega tardía
D00817,V004014,C00613,2025-03-01,Producto dañado
D00818,V004016,C00432,2025-05-30,Cambio de opinión
D00819,V004017,C00380,2026-01-01,Entrega tardía
D00820,V004028,C00370,2025-08-23,Producto defectuoso
D00821,V004031,C00040,2025-07-27,Producto defectuoso
D00822,V004040,C00389,2025-03-08,Producto incorrecto
D00823,V004044,C00375,2025-02-27,Producto defectuoso
D00824,V004047,C00268,2025-05-05,Producto dañado
D00825,V004053,C01096,2025-10-04,Producto defectuoso
D00826,V004055,C01140,2025-02-10,Producto incorrecto
D00827,V004067,C00658,2025-08-12,Entrega tardía
D00828,V004070,C00703,2025-07-21,Producto dañado
D00829,V004076,C00989,2025-08-16,Producto incorrecto
D00830,V004077,C00915,2025-10-20,Entrega tardía
D00831,V004087,C00036,2025-05-10,Entrega tardía
D00832,V004107,C00509,2025-05-05,Producto defectuoso
D00833,V004112,C00426,2025-12-07,Entrega tardía
D00834,V004118,C01040,2025-08-05,Entrega tardía
D00835,V004127,C00245,2025-12-08,Entrega tardía
D00836,V004138,C00075,2025-10-21,Cambio de opinión
D00837,V004143,C00951,2025-09-10,Producto defectuoso
D00838,V004145,C00944,2025-08-01,Entrega tardía
D00839,V004151,C00926,2025-12-16,Producto defectuoso
D00840,V004153,C00242,2025-07-24,Producto defectuoso
D00841,V004160,C00727,2025-07-15,Producto incorrecto
D00842,V004161,C00156,2025-07-24,Cambio de opinión
D00843,V004167,C00398,2025-12-11,Cambio de opinión
D00844,V004172,C00814,2025-07-30,Producto defectuoso
D00845,V004175,C00646,2025-04-24,Producto defectuoso
D00846,V004186,C00012,2025-06-27,Producto incorrecto
D00847,V004201,C00180,2025-11-26,Producto dañado
D00848,V004206,C00973,2025-09-13,Producto incorrecto
D00849,V004207,C00812,2025-12-31,Producto incorrecto
D00850,V004210,C01175,2025-08-10,Producto defectuoso
D00851,V004212,C00586,2025-11-07,Producto incorrecto
D00852,V004213,C00605,2025-04-23,Producto dañado
D00853,V004216,C00083,2025-10-10,Cambio de opinión
D00854,V004217,C01117,2025-06-29,Producto dañado
D00855,V004218,C00987,2025-09-17,Producto dañado
D00856,V004235,C00047,2025-03-03,Producto defectuoso
D00857,V004240,C00590,2025-02-18,Entrega tardía
D00858,V004246,C00663,2025-09-13,Cambio de opinión
D00859,V004253,C00165,2025-05-23,Cambio de opinión
D00860,V004265,C00104,2025-03-03,Producto incorrecto
D00861,V004266,C01067,2026-01-20,Producto defectuoso
D00862,V004274,C00484,2025-02-12,Cambio de opinión
D00863,V004280,C00527,2026-01-11,Entrega tardía
D00864,V004282,C00748,2025-03-17,Cambio de opinión
D00865,V004283,C00463,2025-06-15,Producto dañado
D00866,V004284,C00271,2025-03-04,Cambio de opinión
D00867,V004285,C00574,2025-11-02,Producto dañado
D00868,V004294,C00879,2025-04-13,Producto incorrecto
D00869,V004304,C00112,2026-01-24,Producto incorrecto
D00870,V004307,C00407,2025-10-18,Producto dañado
D00871,V004310,C01144,2025-11-16,Producto dañado
D00872,V004314,C00600,2025-05-03,Producto dañado
D00873,V004322,C00123,2025-02-25,Producto defectuoso
D00874,V004333,C00334,2025-11-13,Producto defectuoso
D00875,V004335,C00962,2025-11-08,Entrega tardía
D00876,V004350,C00570,2025-08-30,Entrega tardía
D00877,V004351,C01122,2025-08-27,Producto dañado
D00878,V004358,C00366,2025-06-19,Producto defectuoso
D00879,V004361,C00497,2025-07-26,Entrega tardía
D00880,V004364,C00267,2025-12-20,Cambio de opinión
D00881,V004367,C00223,2025-03-20,Producto dañado
D00882,V004372,C00795,2025-10-08,Cambio de opinión
D00883,V004375,C00893,2025-11-29,Producto dañado
D00884,V004378,C00847,2025-12-30,Producto incorrecto
D00885,V004386,C01176,2025-03-01,Producto defectuoso
D00886,V004391,C00723,2025-06-25,Producto defectuoso
D00887,V004397,C00509,2025-10-30,Entrega tardía
D00888,V004403,C01164,2025-04-27,Entrega tardía
D00889,V004408,C01179,2025-03-17,Producto incorrecto
D00890,V004418,C00951,2025-08-01,Entrega tardía
D00891,V004421,C00075,2025-12-21,Producto dañado
D00892,V004424,C01139,2026-01-09,Producto dañado
D00893,V004428,C00506,2025-05-17,Cambio de opinión
D00894,V004429,C00023,2025-04-28,Entrega tardía
D00895,V004435,C00586,2025-04-11,Producto dañado
D00896,V004436,C00777,2025-11-18,Cambio de opinión
D00897,V004437,C00240,2025-11-01,Producto defectuoso
D00898,V004446,C00316,2025-03-01,Producto dañado
D00899,V004453,C00675,2025-09-13,Producto incorrecto
D00900,V004454,C00275,2025-08-04,Producto defectuoso
D00901,V004460,C00906,2025-03-28,Producto defectuoso
D00902,V004462,C00313,2025-11-29,Producto defectuoso
D00903,V004467,C00259,2025-02-24,Entrega tardía
D00904,V004476,C00024,2026-01-04,Producto incorrecto
D00905,V004477,C00304,2025-04-14,Producto defectuoso
D00906,V004479,C00490,2025-04-22,Producto dañado
D00907,V004486,C00649,2025-04-28,Producto dañado
D00908,V004488,C00202,2025-12-24,Producto defectuoso
D00909,V004491,C00548,2025-07-10,Producto defectuoso
D00910,V004495,C00011,2025-09-10,Producto incorrecto
D00911,V004496,C00457,2025-10-10,Producto defectuoso
D00912,V004497,C00916,2025-11-30,Entrega tardía
D00913,V004504,C00991,2025-09-01,Cambio de opinión
D00914,V004506,C00987,2026-01-01,Producto incorrecto
D00915,V004517,C00101,2025-05-16,Producto dañado
D00916,V004538,C00351,2025-08-24,Producto incorrecto
D00917,V004541,C00598,2025-11-11,Entrega tardía
D00918,V004543,C00210,2025-12-29,Entrega tardía
D00919,V004544,C00376,2025-02-05,Producto dañado
D00920,V004549,C00001,2025-03-14,Producto incorrecto
D00921,V004557,C00557,2025-03-04,Producto defectuoso
D00922,V004560,C01003,2025-05-25,Producto incorrecto
D00923,V004564,C00583,2025-08-26,Cambio de opinión
D00924,V004573,C00389,2025-11-13,Producto dañado
D00925,V004574,C00350,2025-08-13,Entrega tardía
D00926,V004576,C00202,2025-04-21,Producto dañado
D00927,V004577,C00362,2025-05-26,Producto defectuoso
D00928,V004579,C00331,2025-02-16,Producto incorrecto
D00929,V004580,C00024,2025-10-19,Producto dañado
D00930,V004586,C00825,2025-07-20,Cambio de opinión
D00931,V004588,C00940,2025-05-18,Producto incorrecto
D00932,V004591,C00402,2026-01-13,Cambio de opinión
D00933,V004599,C00432,2025-02-20,Producto incorrecto
D00934,V004602,C00612,2025-12-31,Cambio de opinión
D00935,V004612,C00447,2025-10-22,Producto defectuoso
D00936,V004628,C01079,2025-09-01,Producto incorrecto
D00937,V004630,C01098,2025-11-19,Cambio de opinión
D00938,V004635,C00975,2025-04-17,Producto dañado
D00939,V004637,C01185,2025-07-02,Producto dañado
D00940,V004639,C01196,2025-05-25,Entrega tardía
D00941,V004641,C00971,2025-12-22,Producto dañado
D00942,V004644,C00732,2025-06-20,Producto dañado
D00943,V004646,C00735,2025-07-11,Producto dañado
D00944,V004650,C00613,2025-11-28,Producto defectuoso
D00945,V004651,C00538,2025-06-14,Producto defectuoso
D00946,V004652,C01043,2025-05-23,Cambio de opinión
D00947,V004659,C00154,2025-12-30,Producto defectuoso
D00948,V004665,C00414,2025-01-18,Producto dañado
D00949,V004685,C00913,2025-06-18,Cambio de opinión
D00950,V004691,C00219,2025-09-29,Producto defectuoso
D00951,V004692,C00069,2025-06-13,Cambio de opinión
D00952,V004695,C00894,2025-12-25,Producto dañado
D00953,V004699,C00830,2025-02-05,Producto incorrecto
D00954,V004701,C00007,2025-10-08,Producto defectuoso
D00955,V004702,C00927,2025-01-22,Entrega tardía
D00956,V004704,C00520,2025-12-30,Producto dañado
D00957,V004727,C01093,2025-11-26,Producto incorrecto
D00958,V004730,C00439,2025-11-22,Cambio de opinión
D00959,V004751,C00912,2025-02-11,Producto incorrecto
D00960,V004752,C01108,2025-07-29,Cambio de opinión
D00961,V004757,C00919,2025-11-25,Entrega tardía
D00962,V004758,C00480,2025-03-22,Cambio de opinión
D00963,V004767,C00216,2025-08-15,Producto defectuoso
D00964,V004775,C00570,2025-09-18,Entrega tardía
D00965,V004776,C00563,2025-12-29,Entrega tardía
D00966,V004781,C00157,2026-01-19,Producto defectuoso
D00967,V004792,C00460,2025-03-01,Cambio de opinión
D00968,V004793,C00740,2025-01-14,Cambio de opinión
D00969,V004803,C00481,2025-02-10,Cambio de opinión
D00970,V004823,C01059,2025-11-05,Producto incorrecto
D00971,V004830,C00298,2025-09-21,Producto defectuoso
D00972,V004831,C00303,2025-01-13,Producto incorrecto
D00973,V004842,C00605,2025-02-25,Producto incorrecto
D00974,V004844,C00262,2025-08-12,Entrega tardía
D00975,V004845,C01104,2025-01-14,Entrega tardía
D00976,V004846,C00123,2025-08-05,Producto defectuoso
D00977,V004848,C00277,2025-04-03,Cambio de opinión
D00978,V004852,C00181,2025-07-30,Producto incorrecto
D00979,V004858,C00286,2025-11-18,Producto incorrecto
D00980,V004868,C00669,2025-05-21,Producto dañado
D00981,V004872,C00338,2025-01-25,Producto defectuoso
D00982,V004885,C00847,2025-03-10,Producto incorrecto
D00983,V004892,C00011,2025-12-14,Entrega tardía
D00984,V004893,C00489,2025-02-06,Producto dañado
D00985,V004899,C01182,2025-06-05,Producto dañado
D00986,V004900,C00385,2025-01-23,Producto dañado
D00987,V004903,C00260,2025-11-06,Entrega tardía
D00988,V004906,C00748,2025-10-19,Cambio de opinión
D00989,V004907,C00336,2025-10-22,Producto dañado
D00990,V004920,C00727,2025-09-26,Producto defectuoso
D00991,V004923,C00662,2025-03-20,Entrega tardía
D00992,V004930,C00252,2025-01-26,Entrega tardía
D00993,V004939,C00264,2025-02-10,Entrega tardía
D00994,V004941,C00214,2025-03-18,Producto incorrecto
D00995,V004947,C00424,2025-09-24,Producto defectuoso
D00996,V004952,C00981,2025-09-01,Producto defectuoso
D00997,V004954,C00604,2025-10-24,Producto defectuoso
D00998,V004955,C00800,2025-05-26,Producto dañado
D00999,V004956,C00364,2025-12-23,Producto defectuoso
D01000,V004958,C01036,2025-12-29,Entrega tardía
D01001,V004968,C00042,2025-07-25,Producto dañado
D01002,V004971,C01165,2025-10-09,Producto dañado
D01003,V004975,C00028,2025-09-23,Producto defectuoso
D01004,V004980,C00723,2026-01-05,Producto defectuoso
D01005,V004982,C01183,2025-04-16,Producto dañado
D01006,V004988,C00800,2025-02-14,Producto incorrecto
D01007,V004994,C00164,2025-10-12,Producto incorrecto
D01008,V005002,C00174,2025-03-26,Cambio de opinión
D01009,V005004,C00005,2025-11-07,Entrega tardía
D01010,V005009,C00126,2025-04-23,Cambio de opinión
D01011,V005016,C00943,2025-07-11,Producto dañado
D01012,V005017,C00779,2025-07-31,Producto incorrecto
D01013,V005030,C01130,2025-03-30,Producto incorrecto
D01014,V005031,C00266,2025-08-12,Producto incorrecto
D01015,V005040,C00756,2025-10-14,Entrega tardía
D01016,V005043,C00442,2025-06-25,Cambio de opinión
D01017,V005044,C00152,2025-08-05,Producto defectuoso
D01018,V005045,C01020,2025-04-05,Producto incorrecto
D01019,V005051,C00398,2025-03-04,Producto defectuoso
D01020,V005052,C00122,2025-11-16,Producto dañado
D01021,V005053,C00242,2025-04-07,Producto incorrecto
D01022,V005055,C01079,2025-01-25,Producto incorrecto
D01023,V005068,C00111,2026-01-16,Producto defectuoso
D01024,V005079,C00056,2025-02-16,Cambio de opinión
D01025,V005083,C00408,2025-09-04,Cambio de opinión
D01026,V005087,C00344,2025-02-27,Cambio de opinión
D01027,V005094,C00589,2025-07-31,Producto dañado
D01028,V005095,C00042,2026-01-20,Producto incorrecto
D01029,V005102,C00146,2025-08-12,Cambio de opinión
D01030,V005103,C00872,2025-08-02,Cambio de opinión
D01031,V005106,C00002,2025-10-08,Producto incorrecto
D01032,V005109,C00026,2025-08-12,Entrega tardía
D01033,V005111,C00339,2025-09-07,Cambio de opinión
D01034,V005118,C00321,2025-08-26,Entrega tardía
D01035,V005119,C00100,2025-12-31,Producto incorrecto
D01036,V005123,C00489,2025-10-21,Entrega tardía
D01037,V005126,C00903,2025-05-19,Cambio de opinión
D01038,V005129,C00821,2025-01-17,Entrega tardía
D01039,V005130,C00761,2025-04-12,Producto dañado
D01040,V005142,C00181,2025-03-09,Entrega tardía
D01041,V005154,C00590,2025-11-02,Entrega tardía
D01042,V005163,C00658,2025-05-22,Entrega tardía
D01043,V005166,C00837,2025-01-29,Entrega tardía
D01044,V005167,C01140,2025-04-30,Producto dañado
D01045,V005168,C00842,2025-08-25,Cambio de opinión
D01046,V005172,C00724,2025-02-13,Producto defectuoso
D01047,V005179,C01163,2025-06-20,Entrega tardía
D01048,V005186,C01019,2025-11-25,Producto dañado
D01049,V005188,C00857,2025-11-08,Producto dañado
D01050,V005189,C00710,2025-01-19,Entrega tardía
D01051,V005198,C00637,2025-11-21,Producto dañado
D01052,V005199,C00132,2025-06-23,Producto defectuoso
D01053,V005203,C00479,2025-05-02,Producto defectuoso
D01054,V005206,C00895,2025-05-23,Producto dañado
D01055,V005222,C01156,2025-06-29,Producto incorrecto
D01056,V005231,C00724,2025-09-25,Cambio de opinión
D01057,V005233,C00484,2025-02-01,Producto incorrecto
D01058,V005241,C00937,2025-06-26,Entrega tardía
D01059,V005242,C00821,2025-07-17,Cambio de opinión
D01060,V005243,C00175,2025-06-01,Producto incorrecto
D01061,V005244,C00170,2025-10-18,Producto defectuoso
D01062,V005247,C00642,2025-11-27,Entrega tardía
D01063,V005248,C00835,2025-01-29,Cambio de opinión
D01064,V005249,C00437,2025-01-31,Producto dañado
D01065,V005253,C01149,2025-05-13,Producto dañado
D01066,V005259,C00746,2025-07-15,Producto incorrecto
D01067,V005262,C00317,2025-06-20,Cambio de opinión
D01068,V005264,C00018,2025-11-12,Producto defectuoso
D01069,V005268,C01119,2025-07-09,Producto dañado
D01070,V005269,C00618,2025-02-27,Cambio de opinión
D01071,V005273,C00407,2026-01-05,Producto defectuoso
D01072,V005275,C00508,2025-12-11,Producto incorrecto
D01073,V005279,C00956,2026-01-01,Producto defectuoso
D01074,V005280,C00460,2025-06-11,Cambio de opinión
D01075,V005285,C00390,2025-09-06,Producto defectuoso
D01076,V005290,C00181,2025-04-21,Producto incorrecto
D01077,V005295,C00717,2025-02-25,Producto dañado
D01078,V005296,C00591,2026-01-03,Producto defectuoso
D01079,V005298,C00581,2025-01-24,Producto incorrecto
D01080,V005300,C00442,2025-05-14,Producto defectuoso
D01081,V005303,C00878,2025-10-09,Cambio de opinión
D01082,V005310,C00214,2025-04-20,Producto defectuoso
D01083,V005315,C00328,2025-08-10,Cambio de opinión
D01084,V005317,C00241,2025-05-25,Entrega tardía
D01085,V005320,C00571,2025-06-30,Producto incorrecto
D01086,V005324,C00804,2025-07-07,Producto incorrecto
D01087,V005327,C00781,2025-12-10,Producto defectuoso
D01088,V005328,C00646,2025-10-25,Entrega tardía
D01089,V005329,C00364,2025-07-20,Cambio de opinión
D01090,V005335,C01016,2025-10-13,Entrega tardía
D01091,V005344,C00447,2025-10-13,Cambio de opinión
D01092,V005346,C00855,2025-04-10,Producto incorrecto
D01093,V005350,C00589,2025-07-10,Producto incorrecto
D01094,V005353,C00296,2025-09-30,Entrega tardía
D01095,V005365,C00995,2025-11-07,Entrega tardía
D01096,V005368,C00148,2025-01-26,Producto defectuoso
D01097,V005371,C01187,2025-12-02,Cambio de opinión
D01098,V005375,C00444,2025-03-10,Entrega tardía
D01099,V005380,C00078,2025-09-21,Producto dañado
D01100,V005382,C00495,2025-03-29,Cambio de opinión
D01101,V005397,C00323,2025-08-08,Producto defectuoso
D01102,V005399,C00009,2025-05-01,Producto defectuoso
D01103,V005400,C00145,2025-08-04,Producto incorrecto
D01104,V005403,C01032,2025-10-16,Producto incorrecto
D01105,V005405,C00775,2026-01-11,Cambio de opinión
D01106,V005410,C01065,2025-04-27,Cambio de opinión
D01107,V005418,C00431,2025-10-02,Producto dañado
D01108,V005420,C00816,2025-11-05,Producto defectuoso
D01109,V005423,C00707,2025-04-30,Entrega tardía
D01110,V005435,C00501,2025-03-03,Producto incorrecto
D01111,V005436,C00370,2025-07-20,Cambio de opinión
D01112,V005437,C01066,2025-04-20,Producto dañado
D01113,V005452,C00968,2025-01-31,Cambio de opinión
D01114,V005453,C00732,2025-04-21,Producto incorrecto
D01115,V005454,C00007,2025-07-03,Producto defectuoso
D01116,V005457,C01129,2025-05-06,Entrega tardía
D01117,V005460,C00439,2025-01-26,Cambio de opinión
D01118,V005463,C00969,2025-04-13,Producto incorrecto
D01119,V005467,C00874,2025-07-30,Producto incorrecto
D01120,V005474,C00647,2025-02-14,Producto dañado
D01121,V005479,C00102,2025-10-22,Entrega tardía
D01122,V005482,C00258,2025-12-08,Producto defectuoso
D01123,V005484,C01111,2025-12-12,Producto defectuoso
D01124,V005490,C00636,2025-10-07,Producto dañado
D01125,V005494,C00522,2025-03-06,Producto defectuoso
D01126,V005495,C00676,2025-02-21,Producto defectuoso
D01127,V005496,C01079,2025-04-30,Producto defectuoso
D01128,V005497,C01165,2025-10-07,Entrega tardía
D01129,V005503,C00447,2025-12-03,Cambio de opinión
D01130,V005504,C00831,2025-04-05,Producto defectuoso
D01131,V005507,C00263,2025-09-14,Producto dañado
D01132,V005513,C00350,2025-04-14,Entrega tardía
D01133,V005523,C00971,2025-08-08,Producto dañado
D01134,V005525,C01098,2025-11-15,Entrega tardía
D01135,V005529,C00123,2025-04-23,Producto defectuoso
D01136,V005531,C00451,2025-06-20,Producto incorrecto
D01137,V005532,C00641,2025-08-26,Producto dañado
D01138,V005536,C00076,2025-01-24,Cambio de opinión
D01139,V005543,C00391,2025-04-18,Cambio de opinión
D01140,V005549,C00242,2025-06-04,Cambio de opinión
D01141,V005557,C00815,2025-08-23,Producto dañado
D01142,V005559,C00003,2025-04-09,Producto incorrecto
D01143,V005561,C00084,2025-06-25,Producto defectuoso
D01144,V005580,C00639,2025-07-23,Producto defectuoso
D01145,V005588,C00717,2025-01-16,Producto incorrecto
D01146,V005608,C00830,2025-08-01,Entrega tardía
D01147,V005610,C00099,2025-07-19,Producto incorrecto
D01148,V005619,C00090,2025-12-24,Producto defectuoso
D01149,V005621,C00208,2025-10-13,Cambio de opinión
D01150,V005630,C00410,2025-04-18,Entrega tardía
D01151,V005637,C00860,2025-09-26,Producto incorrecto
D01152,V005648,C01064,2025-09-26,Cambio de opinión
D01153,V005653,C00455,2025-04-15,Producto defectuoso
D01154,V005664,C00347,2025-05-29,Cambio de opinión
D01155,V005668,C01195,2025-03-07,Producto dañado
D01156,V005669,C00097,2025-02-19,Entrega tardía
D01157,V005670,C00984,2025-02-25,Producto incorrecto
D01158,V005673,C00532,2025-06-22,Producto defectuoso
D01159,V005680,C00335,2025-02-18,Producto dañado
D01160,V005690,C00889,2025-01-07,Producto incorrecto
D01161,V005696,C00858,2025-10-05,Producto dañado
D01162,V005698,C00352,2025-05-04,Entrega tardía
D01163,V005711,C00258,2026-01-08,Producto defectuoso
D01164,V005713,C01190,2025-12-16,Entrega tardía
D01165,V005715,C00848,2025-04-17,Entrega tardía
D01166,V005717,C00364,2025-10-17,Producto dañado
D01167,V005725,C00448,2025-08-26,Producto defectuoso
D01168,V005726,C01144,2025-10-13,Entrega tardía
D01169,V005728,C01051,2025-10-03,Producto incorrecto
D01170,V005732,C00588,2025-03-22,Producto defectuoso
D01171,V005739,C00044,2025-02-18,Cambio de opinión
D01172,V005748,C00628,2025-08-01,Entrega tardía
D01173,V005749,C00704,2025-10-28,Entrega tardía
D01174,V005750,C00806,2025-12-12,Producto dañado
D01175,V005758,C00018,2025-10-22,Producto incorrecto
D01176,V005766,C00583,2025-11-11,Producto incorrecto
D01177,V005770,C00467,2025-12-06,Producto incorrecto
D01178,V005772,C00776,2025-03-01,Producto defectuoso
D01179,V005774,C00230,2025-09-12,Cambio de opinión
D01180,V005784,C00292,2025-02-08,Producto dañado
D01181,V005785,C00892,2025-10-20,Producto defectuoso
D01182,V005792,C00710,2025-10-09,Entrega tardía
D01183,V005805,C00146,2025-03-12,Producto incorrecto
D01184,V005827,C00430,2025-12-25,Cambio de opinión
D01185,V005830,C00460,2025-05-11,Producto incorrecto
D01186,V005833,C01104,2025-12-29,Entrega tardía
D01187,V005835,C00479,2025-01-30,Entrega tardía
D01188,V005838,C00876,2025-11-30,Producto defectuoso
D01189,V005839,C00789,2025-05-09,Producto incorrecto
D01190,V005852,C00819,2025-01-15,Producto incorrecto
D01191,V005853,C00555,2025-06-18,Producto incorrecto
D01192,V005855,C00652,2025-08-06,Producto incorrecto
D01193,V005856,C00900,2025-03-08,Cambio de opinión
D01194,V005857,C01090,2025-09-18,Producto incorrecto
D01195,V005869,C00208,2025-10-11,Producto incorrecto
D01196,V005873,C00618,2025-07-29,Entrega tardía
D01197,V005878,C00982,2025-02-08,Cambio de opinión
D01198,V005883,C00124,2025-06-07,Producto incorrecto
D01199,V005885,C00309,2025-09-10,Cambio de opinión
D01200,V005898,C00703,2025-07-23,Producto dañado
D01201,V005901,C00281,2025-07-11,Producto incorrecto
D01202,V005905,C00284,2026-01-08,Entrega tardía
D01203,V005907,C01037,2025-03-23,Producto incorrecto
D01204,V005908,C01035,2025-05-07,Entrega tardía
D01205,V005915,C00709,2025-02-19,Producto incorrecto
D01206,V005921,C00159,2025-01-18,Producto incorrecto
D01207,V005923,C00093,2025-06-06,Producto defectuoso
D01208,V005929,C01027,2025-11-12,Entrega tardía
D01209,V005930,C01115,2025-06-06,Cambio de opinión
D01210,V005937,C00707,2025-12-18,Producto defectuoso
D01211,V005941,C00999,2025-07-25,Producto defectuoso
D01212,V005946,C00682,2025-12-30,Cambio de opinión
D01213,V005950,C00015,2025-03-23,Producto defectuoso
D01214,V005951,C00261,2025-04-26,Producto incorrecto
D01215,V005968,C00115,2025-07-21,Producto incorrecto
D01216,V005977,C00326,2025-12-08,Producto defectuoso
D01217,V005987,C00676,2025-02-12,Producto defectuoso
D01218,V005994,C00502,2025-04-22,Cambio de opinión
D01219,V005997,C00361,2025-08-14,Cambio de opinión
D01220,V006001,C01060,2025-10-24,Producto defectuoso
D01221,V006002,C00800,2025-02-12,Producto dañado
D01222,V006007,C00480,2025-11-07,Producto defectuoso
D01223,V006020,C00556,2025-12-11,Producto defectuoso
D01224,V006024,C00747,2025-05-06,Producto dañado
D01225,V006029,C00562,2025-11-25,Producto dañado
D01226,V006031,C00892,2025-06-29,Producto incorrecto
D01227,V006034,C00834,2025-12-18,Producto incorrecto
D01228,V006037,C00867,2025-11-30,Producto incorrecto
D01229,V006044,C00660,2025-04-11,Entrega tardía
D01230,V006054,C00809,2025-11-27,Producto defectuoso
D01231,V006058,C01157,2025-01-28,Producto dañado
D01232,V006060,C00397,2025-06-29,Entrega tardía
D01233,V006062,C01126,2025-05-20,Producto defectuoso
D01234,V006072,C00926,2025-11-09,Cambio de opinión
D01235,V006075,C00557,2025-04-18,Cambio de opinión
D01236,V006089,C01200,2025-08-19,Producto incorrecto
D01237,V006094,C00669,2025-11-06,Entrega tardía
D01238,V006104,C00990,2025-04-26,Producto dañado
D01239,V006124,C01189,2025-10-04,Producto defectuoso
D01240,V006125,C01054,2025-02-05,Producto incorrecto
D01241,V006127,C00217,2025-09-10,Producto defectuoso
D01242,V006132,C00028,2025-08-29,Producto incorrecto
D01243,V006140,C00573,2025-05-17,Cambio de opinión
D01244,V006144,C00349,2025-02-16,Entrega tardía
D01245,V006147,C00643,2025-02-12,Producto dañado
D01246,V006157,C01059,2025-07-22,Producto dañado
D01247,V006158,C01043,2025-02-10,Producto dañado
D01248,V006164,C00321,2025-02-06,Producto incorrecto
D01249,V006171,C01139,2025-05-26,Producto incorrecto
D01250,V006179,C01063,2026-01-16,Producto dañado
D01251,V006180,C00772,2025-11-21,Producto incorrecto
D01252,V006183,C00665,2025-06-02,Cambio de opinión
D01253,V006191,C00119,2025-08-28,Producto defectuoso
D01254,V006192,C00587,2025-07-09,Producto incorrecto
D01255,V006194,C01026,2025-12-16,Cambio de opinión
D01256,V006200,C00886,2025-08-01,Entrega tardía
D01257,V006201,C00713,2025-09-14,Entrega tardía
D01258,V006202,C00986,2026-01-17,Producto dañado
D01259,V006205,C00403,2025-06-24,Entrega tardía
D01260,V006207,C00361,2025-08-30,Producto incorrecto
D01261,V006214,C00424,2025-06-18,Producto incorrecto
D01262,V006217,C00104,2025-12-23,Cambio de opinión
D01263,V006218,C01070,2025-11-25,Producto dañado
D01264,V006220,C00765,2025-03-17,Entrega tardía
D01265,V006235,C00814,2025-08-28,Producto incorrecto
D01266,V006238,C01159,2025-09-10,Entrega tardía
D01267,V006242,C00746,2025-09-04,Cambio de opinión
D01268,V006247,C01160,2025-04-19,Producto incorrecto
D01269,V006251,C00466,2025-09-19,Producto dañado
D01270,V006253,C00038,2025-12-21,Producto incorrecto
D01271,V006257,C00509,2025-09-17,Producto incorrecto
D01272,V006260,C00061,2025-03-08,Producto incorrecto
D01273,V006266,C00854,2025-07-29,Entrega tardía
D01274,V006268,C00986,2025-07-28,Cambio de opinión
D01275,V006271,C00756,2025-06-08,Producto incorrecto
D01276,V006274,C01151,2025-02-09,Producto dañado
D01277,V006279,C00486,2025-08-24,Cambio de opinión
D01278,V006280,C00992,2025-12-18,Cambio de opinión
D01279,V006285,C00301,2025-10-22,Producto dañado
D01280,V006292,C00020,2025-04-18,Producto dañado
D01281,V006300,C00571,2025-11-28,Producto incorrecto
D01282,V006304,C00079,2025-12-29,Entrega tardía
D01283,V006305,C01103,2025-05-25,Cambio de opinión
D01284,V006312,C00717,2025-07-31,Entrega tardía
D01285,V006313,C00074,2025-10-30,Producto dañado
D01286,V006315,C00282,2025-10-30,Producto incorrecto
D01287,V006319,C00579,2025-04-13,Cambio de opinión
D01288,V006322,C00315,2025-12-25,Entrega tardía
D01289,V006333,C00673,2025-10-03,Producto dañado
D01290,V006334,C00096,2025-12-15,Cambio de opinión
D01291,V006337,C00656,2025-01-28,Entrega tardía
D01292,V006338,C00817,2025-12-28,Producto incorrecto
D01293,V006342,C00812,2025-04-16,Producto incorrecto
D01294,V006343,C00764,2025-07-29,Producto defectuoso
D01295,V006357,C00013,2025-08-27,Producto defectuoso
D01296,V006365,C01087,2025-02-15,Cambio de opinión
D01297,V006371,C00995,2025-10-25,Cambio de opinión
D01298,V006396,C00174,2025-08-27,Entrega tardía
D01299,V006400,C00942,2025-03-19,Producto incorrecto
D01300,V006407,C00149,2025-07-06,Producto dañado
D01301,V006414,C00884,2025-04-04,Producto incorrecto
D01302,V006415,C00737,2025-11-06,Producto dañado
D01303,V006426,C00044,2025-11-22,Producto defectuoso
D01304,V006437,C00090,2025-06-09,Producto incorrecto
D01305,V006441,C00160,2025-06-12,Producto dañado
D01306,V006444,C00856,2025-11-13,Producto dañado
D01307,V006446,C00548,2025-03-05,Producto dañado
D01308,V006448,C00492,2025-01-26,Producto incorrecto
D01309,V006454,C00155,2025-07-14,Cambio de opinión
D01310,V006456,C00954,2025-09-09,Producto incorrecto
D01311,V006457,C00511,2025-10-03,Cambio de opinión
D01312,V006460,C01003,2025-08-09,Entrega tardía
D01313,V006462,C00327,2025-12-28,Producto defectuoso
D01314,V006472,C00976,2025-01-24,Entrega tardía
D01315,V006498,C01122,2025-09-25,Producto defectuoso
D01316,V006504,C00345,2025-10-28,Cambio de opinión
D01317,V006510,C00506,2025-07-28,Producto incorrecto
D01318,V006511,C00610,2025-12-07,Producto defectuoso
D01319,V006515,C00581,2025-05-31,Cambio de opinión
D01320,V006520,C01080,2025-10-13,Cambio de opinión
D01321,V006526,C00420,2025-08-28,Cambio de opinión
D01322,V006531,C00557,2025-05-03,Cambio de opinión
D01323,V006534,C00033,2025-05-22,Cambio de opinión
D01324,V006537,C01137,2025-04-08,Producto defectuoso
D01325,V006546,C00037,2025-04-06,Entrega tardía
D01326,V006550,C00983,2026-01-13,Cambio de opinión
D01327,V006557,C00479,2025-03-14,Producto dañado
D01328,V006560,C00629,2025-12-09,Producto defectuoso
D01329,V006561,C00308,2025-03-15,Entrega tardía
D01330,V006566,C00933,2025-08-25,Entrega tardía
D01331,V006567,C00632,2025-11-07,Entrega tardía
D01332,V006568,C00470,2025-07-01,Producto dañado
D01333,V006569,C00926,2025-05-04,Cambio de opinión
D01334,V006583,C01074,2025-07-29,Producto defectuoso
D01335,V006606,C00198,2025-02-26,Producto dañado
D01336,V006607,C00331,2025-07-07,Cambio de opinión
D01337,V006617,C00761,2025-03-07,Cambio de opinión
D01338,V006619,C01188,2025-10-06,Producto defectuoso
D01339,V006621,C00881,2025-05-21,Entrega tardía
D01340,V006633,C00662,2025-11-15,Producto incorrecto
D01341,V006634,C00065,2025-04-09,Producto dañado
D01342,V006637,C01047,2025-04-09,Producto incorrecto
D01343,V006643,C00032,2025-07-23,Cambio de opinión
D01344,V006645,C01042,2025-08-30,Producto incorrecto
D01345,V006649,C00466,2026-01-10,Producto incorrecto
D01346,V006657,C00064,2026-01-04,Entrega tardía
D01347,V006660,C00476,2025-11-04,Producto defectuoso
D01348,V006665,C00554,2025-06-24,Producto dañado
D01349,V006667,C00935,2025-04-11,Producto incorrecto
D01350,V006670,C00672,2025-04-29,Cambio de opinión
D01351,V006677,C01037,2025-05-09,Producto dañado
D01352,V006679,C00715,2026-01-10,Entrega tardía
D01353,V006680,C00258,2026-01-07,Producto incorrecto
D01354,V006684,C00870,2025-06-29,Producto incorrecto
D01355,V006686,C00046,2025-09-28,Producto defectuoso
D01356,V006687,C00665,2026-01-15,Producto defectuoso
D01357,V006689,C00695,2025-08-05,Entrega tardía
D01358,V006697,C00882,2025-12-08,Producto incorrecto
D01359,V006704,C00634,2025-09-28,Producto incorrecto
D01360,V006708,C00819,2025-08-27,Producto dañado
D01361,V006711,C00416,2025-07-22,Cambio de opinión
D01362,V006721,C00723,2025-02-23,Cambio de opinión
D01363,V006724,C01052,2025-04-22,Cambio de opinión
D01364,V006729,C00471,2025-03-24,Cambio de opinión
D01365,V006733,C01001,2025-02-17,Producto incorrecto
D01366,V006744,C00211,2025-10-09,Producto defectuoso
D01367,V006754,C00018,2025-10-13,Entrega tardía
D01368,V006757,C00532,2025-09-27,Entrega tardía
D01369,V006763,C00882,2025-06-30,Entrega tardía
D01370,V006768,C00125,2025-11-29,Producto defectuoso
D01371,V006769,C01078,2025-05-30,Cambio de opinión
D01372,V006771,C00473,2025-11-29,Entrega tardía
D01373,V006773,C00457,2025-07-29,Producto dañado
D01374,V006779,C01162,2025-09-12,Cambio de opinión
D01375,V006784,C00488,2025-10-03,Producto incorrecto
D01376,V006793,C01015,2025-07-28,Producto dañado
D01377,V006794,C01074,2025-09-01,Entrega tardía
D01378,V006799,C00357,2025-02-27,Entrega tardía
D01379,V006800,C00448,2025-10-27,Producto defectuoso
D01380,V006803,C00826,2025-07-24,Cambio de opinión
D01381,V006804,C00506,2025-06-08,Producto dañado
D01382,V006809,C00213,2025-12-04,Producto dañado
D01383,V006819,C00382,2025-03-10,Producto defectuoso
D01384,V006823,C00096,2025-02-23,Producto defectuoso
D01385,V006830,C00148,2025-03-04,Entrega tardía
D01386,V006846,C00521,2025-11-15,Producto defectuoso
D01387,V006847,C00578,2025-09-29,Producto defectuoso
D01388,V006849,C00005,2026-01-19,Producto incorrecto
D01389,V006861,C00426,2025-08-29,Producto incorrecto
D01390,V006864,C00963,2025-06-01,Entrega tardía
D01391,V006865,C01039,2026-01-14,Producto dañado
D01392,V006872,C01020,2025-01-06,Producto incorrecto
D01393,V006873,C01113,2025-03-10,Cambio de opinión
D01394,V006875,C00464,2025-06-16,Producto defectuoso
D01395,V006881,C00782,2025-07-20,Producto defectuoso
D01396,V006885,C00453,2025-07-02,Cambio de opinión
D01397,V006889,C00336,2025-08-14,Producto dañado
D01398,V006891,C00870,2025-01-18,Producto dañado
D01399,V006896,C00939,2025-10-20,Producto incorrecto
D01400,V006901,C00463,2025-10-23,Cambio de opinión
D01401,V006905,C00391,2025-02-12,Producto defectuoso
D01402,V006910,C00886,2025-12-05,Producto incorrecto
D01403,V006913,C00642,2025-09-22,Entrega tardía
D01404,V006916,C01034,2025-10-16,Entrega tardía
D01405,V006926,C00786,2025-06-14,Producto incorrecto
D01406,V006929,C00481,2026-01-13,Producto incorrecto
D01407,V006930,C00551,2025-02-22,Cambio de opinión
D01408,V006933,C00453,2025-10-06,Producto incorrecto
D01409,V006939,C01113,2025-09-16,Producto incorrecto
D01410,V006940,C00338,2025-07-27,Cambio de opinión
D01411,V006946,C00506,2025-08-19,Entrega tardía
D01412,V006947,C00555,2025-06-01,Producto dañado
D01413,V006961,C01198,2025-12-09,Cambio de opinión
D01414,V006964,C00698,2025-04-01,Cambio de opinión
D01415,V006974,C00197,2025-08-03,Producto incorrecto
D01416,V006977,C00959,2025-08-27,Cambio de opinión
D01417,V006981,C00775,2026-01-06,Producto incorrecto
D01418,V006983,C01103,2025-05-03,Producto incorrecto
D01419,V006993,C01162,2025-04-08,Entrega tardía
D01420,V006998,C00896,2025-08-30,Producto incorrecto
D01421,V007010,C00660,2025-07-22,Producto incorrecto
D01422,V007017,C00973,2025-12-29,Producto dañado
D01423,V007024,C00309,2025-01-21,Producto defectuoso
D01424,V007026,C00685,2025-10-05,Cambio de opinión
D01425,V007034,C00737,2025-07-19,Producto incorrecto
D01426,V007037,C00545,2025-07-18,Producto dañado
D01427,V007041,C00094,2025-12-26,Producto defectuoso
D01428,V007043,C00982,2025-06-04,Producto defectuoso
D01429,V007046,C01116,2025-05-23,Entrega tardía
D01430,V007047,C00206,2025-10-10,Producto incorrecto
D01431,V007050,C00964,2025-07-06,Producto incorrecto
D01432,V007058,C00608,2025-04-29,Producto dañado
D01433,V007060,C00646,2025-07-30,Cambio de opinión
D01434,V007063,C00801,2025-03-03,Entrega tardía
D01435,V007065,C00964,2025-07-10,Producto dañado
D01436,V007073,C00498,2025-04-08,Producto incorrecto
D01437,V007075,C00840,2025-10-27,Entrega tardía
D01438,V007079,C00532,2025-05-22,Producto dañado
D01439,V007081,C00991,2025-06-23,Entrega tardía
D01440,V007085,C00630,2025-02-14,Producto defectuoso
D01441,V007086,C00124,2025-04-10,Cambio de opinión
D01442,V007095,C00259,2025-09-21,Cambio de opinión
D01443,V007097,C00022,2025-12-22,Cambio de opinión
D01444,V007103,C00586,2025-07-13,Entrega tardía
D01445,V007105,C00717,2025-12-16,Cambio de opinión
D01446,V007107,C00322,2025-11-16,Producto dañado
D01447,V007111,C00929,2026-01-01,Producto defectuoso
D01448,V007112,C00806,2025-06-23,Producto dañado
D01449,V007123,C01060,2025-06-12,Producto dañado
D01450,V007126,C00366,2025-04-20,Producto defectuoso
D01451,V007135,C00181,2025-03-07,Entrega tardía
D01452,V007136,C00537,2025-07-26,Producto dañado
D01453,V007138,C00459,2025-12-17,Entrega tardía
D01454,V007145,C00916,2025-04-23,Producto dañado
D01455,V007147,C01125,2025-04-23,Producto defectuoso
D01456,V007153,C00413,2025-07-11,Entrega tardía
D01457,V007155,C01043,2025-06-14,Producto incorrecto
D01458,V007157,C00111,2025-10-24,Producto defectuoso
D01459,V007158,C00830,2025-08-02,Producto incorrecto
D01460,V007164,C01107,2025-04-16,Entrega tardía
D01461,V007171,C00064,2025-04-17,Producto dañado
D01462,V007179,C00130,2025-09-06,Cambio de opinión
D01463,V007181,C01163,2025-06-27,Entrega tardía
D01464,V007192,C01127,2025-06-23,Producto incorrecto
D01465,V007193,C00914,2025-04-29,Producto dañado
D01466,V007196,C00771,2025-08-06,Producto defectuoso
D01467,V007203,C00118,2025-02-14,Cambio de opinión
D01468,V007205,C00163,2025-09-07,Producto dañado
D01469,V007212,C00421,2025-02-09,Producto incorrecto
D01470,V007214,C00446,2025-06-05,Cambio de opinión
D01471,V007218,C00744,2025-08-14,Entrega tardía
D01472,V007219,C00304,2025-10-09,Producto incorrecto
D01473,V007223,C01087,2025-11-10,Producto defectuoso
D01474,V007230,C01031,2025-10-05,Producto incorrecto
D01475,V007234,C01035,2025-10-02,Entrega tardía
D01476,V007235,C00383,2025-10-19,Producto dañado
D01477,V007244,C00389,2025-12-29,Producto incorrecto
D01478,V007257,C00687,2025-03-25,Entrega tardía
D01479,V007268,C00675,2025-05-25,Producto incorrecto
D01480,V007273,C00199,2025-08-18,Entrega tardía
D01481,V007276,C00870,2025-05-26,Producto defectuoso
D01482,V007278,C01141,2025-07-19,Producto dañado
D01483,V007280,C00843,2025-04-24,Producto defectuoso
D01484,V007282,C00634,2025-01-20,Producto dañado
D01485,V007301,C01078,2025-06-30,Entrega tardía
D01486,V007304,C00823,2025-09-19,Producto dañado
D01487,V007315,C00131,2025-11-16,Producto defectuoso
D01488,V007316,C00221,2025-05-17,Cambio de opinión
D01489,V007319,C00729,2025-06-08,Producto defectuoso
D01490,V007333,C01071,2025-03-02,Producto dañado
D01491,V007334,C01070,2025-01-24,Entrega tardía
D01492,V007343,C00431,2025-10-12,Producto defectuoso
D01493,V007348,C00863,2025-02-06,Cambio de opinión
D01494,V007361,C00994,2025-06-25,Cambio de opinión
D01495,V007362,C00682,2025-05-05,Cambio de opinión
D01496,V007363,C00275,2025-06-01,Cambio de opinión
D01497,V007366,C00403,2025-08-08,Producto incorrecto
D01498,V007383,C01164,2025-08-17,Producto defectuoso
D01499,V007388,C00936,2025-05-20,Entrega tardía
D01500,V007399,C00197,2025-02-02,Producto incorrecto
D01501,V007404,C01098,2025-11-14,Producto incorrecto
D01502,V007405,C00148,2025-01-05,Producto dañado
D01503,V007406,C00232,2025-08-17,Entrega tardía
D01504,V007416,C00924,2025-12-31,Producto defectuoso
D01505,V007417,C00657,2025-10-27,Cambio de opinión
D01506,V007420,C00736,2025-05-28,Producto defectuoso
D01507,V007426,C01087,2025-12-15,Producto dañado
D01508,V007428,C00998,2025-05-16,Producto incorrecto
D01509,V007431,C00672,2025-07-12,Entrega tardía
D01510,V007435,C01034,2025-01-31,Producto dañado
D01511,V007439,C01009,2025-11-16,Producto dañado
D01512,V007449,C00474,2025-04-01,Producto incorrecto
D01513,V007451,C00089,2025-07-28,Producto defectuoso
D01514,V007457,C00031,2026-01-25,Producto dañado
D01515,V007459,C00788,2025-11-05,Producto incorrecto
D01516,V007460,C00071,2025-11-24,Producto dañado
D01517,V007462,C00336,2025-12-21,Entrega tardía
D01518,V007465,C00808,2025-04-24,Producto dañado
D01519,V007468,C00127,2025-03-17,Producto dañado
D01520,V007471,C00061,2025-06-12,Producto incorrecto
D01521,V007474,C00460,2025-09-19,Producto dañado
D01522,V007502,C01127,2025-08-15,Producto defectuoso
D01523,V007503,C01047,2025-05-13,Producto defectuoso
D01524,V007506,C00427,2025-03-10,Producto dañado
D01525,V007507,C00991,2025-12-26,Entrega tardía
D01526,V007508,C00064,2025-08-03,Entrega tardía
D01527,V007510,C00330,2025-02-15,Producto defectuoso
D01528,V007520,C00305,2026-01-14,Producto defectuoso
D01529,V007522,C00874,2025-12-23,Producto defectuoso
D01530,V007524,C00539,2025-10-13,Producto defectuoso
D01531,V007533,C00804,2025-06-01,Entrega tardía
D01532,V007535,C00609,2025-03-13,Producto defectuoso
D01533,V007541,C00938,2025-07-24,Entrega tardía
D01534,V007542,C00268,2025-10-11,Producto incorrecto
D01535,V007544,C00354,2025-03-13,Entrega tardía
D01536,V007545,C00235,2025-01-30,Producto dañado
D01537,V007547,C00799,2025-04-17,Cambio de opinión
D01538,V007556,C00435,2025-10-31,Producto dañado
D01539,V007558,C01110,2025-01-23,Producto dañado
D01540,V007561,C00749,2025-04-21,Entrega tardía
D01541,V007564,C00369,2025-04-30,Producto defectuoso
D01542,V007565,C01020,2025-08-17,Entrega tardía
D01543,V007572,C00538,2025-12-09,Entrega tardía
D01544,V007578,C00853,2025-05-18,Cambio de opinión
D01545,V007582,C00666,2025-02-03,Cambio de opinión
D01546,V007583,C00229,2025-06-17,Cambio de opinión
D01547,V007586,C00093,2025-05-22,Producto incorrecto
D01548,V007588,C00522,2025-03-20,Entrega tardía
D01549,V007596,C00342,2025-09-23,Producto defectuoso
D01550,V007601,C00621,2025-03-10,Entrega tardía
D01551,V007606,C00069,2025-07-19,Producto dañado
D01552,V007624,C00553,2025-09-21,Entrega tardía
D01553,V007626,C00054,2026-01-12,Cambio de opinión
D01554,V007634,C00612,2025-06-09,Entrega tardía
D01555,V007635,C01056,2025-08-28,Producto incorrecto
D01556,V007640,C00148,2025-10-11,Producto defectuoso
D01557,V007642,C00215,2025-10-07,Entrega tardía
D01558,V007651,C00568,2025-11-08,Entrega tardía
D01559,V007657,C00335,2025-07-20,Cambio de opinión
D01560,V007658,C00864,2025-07-15,Producto dañado
D01561,V007667,C00890,2025-06-09,Producto incorrecto
D01562,V007669,C00524,2025-12-28,Producto dañado
D01563,V007671,C00669,2025-04-11,Entrega tardía
D01564,V007675,C00152,2025-07-18,Producto dañado
D01565,V007690,C00111,2025-01-28,Producto defectuoso
D01566,V007695,C00535,2025-02-13,Producto incorrecto
D01567,V007698,C01073,2025-03-23,Producto dañado
D01568,V007699,C00438,2025-06-28,Producto defectuoso
D01569,V007704,C01017,2025-02-18,Cambio de opinión
D01570,V007705,C01148,2025-09-28,Producto dañado
D01571,V007707,C00196,2025-04-16,Producto dañado
D01572,V007710,C00658,2025-02-21,Cambio de opinión
D01573,V007726,C00690,2025-05-12,Cambio de opinión
D01574,V007732,C00851,2025-04-02,Producto defectuoso
D01575,V007733,C01155,2025-05-05,Entrega tardía
D01576,V007735,C00147,2025-04-16,Producto incorrecto
D01577,V007741,C00334,2025-05-29,Cambio de opinión
D01578,V007743,C01125,2025-11-14,Producto defectuoso
D01579,V007745,C00019,2025-10-17,Producto dañado
D01580,V007746,C00458,2025-05-05,Producto defectuoso
D01581,V007750,C00906,2025-07-05,Producto incorrecto
D01582,V007752,C00808,2025-06-29,Producto incorrecto
D01583,V007753,C00664,2025-11-04,Entrega tardía
D01584,V007756,C00200,2025-07-07,Producto incorrecto
D01585,V007757,C00976,2025-07-05,Producto dañado
D01586,V007759,C00165,2025-08-26,Cambio de opinión
D01587,V007763,C00569,2025-09-16,Producto defectuoso
D01588,V007767,C00204,2025-10-13,Cambio de opinión
D01589,V007775,C00800,2025-03-07,Producto dañado
D01590,V007783,C00601,2025-12-25,Entrega tardía
D01591,V007784,C00059,2025-09-16,Cambio de opinión
D01592,V007785,C00542,2026-01-09,Producto dañado
D01593,V007794,C01063,2025-05-05,Producto dañado
D01594,V007803,C00840,2025-08-23,Cambio de opinión
D01595,V007816,C01187,2025-12-09,Cambio de opinión
D01596,V007818,C00103,2025-05-13,Cambio de opinión
D01597,V007820,C00925,2025-07-06,Cambio de opinión
D01598,V007829,C00580,2025-11-07,Producto incorrecto
D01599,V007832,C00142,2025-06-28,Producto incorrecto
D01600,V007835,C00500,2025-10-29,Cambio de opinión
D01601,V007851,C00709,2025-01-26,Cambio de opinión
D01602,V007852,C00503,2025-10-22,Producto defectuoso
D01603,V007863,C00931,2025-03-02,Producto defectuoso
D01604,V007864,C00123,2025-04-21,Producto incorrecto
D01605,V007866,C01107,2025-05-17,Producto dañado
D01606,V007879,C01042,2025-07-18,Entrega tardía
D01607,V007880,C00510,2025-07-01,Entrega tardía
D01608,V007885,C00214,2025-09-11,Producto dañado
D01609,V007886,C01108,2025-07-13,Cambio de opinión
D01610,V007892,C00248,2025-04-29,Producto incorrecto
D01611,V007893,C00505,2025-03-18,Entrega tardía
D01612,V007907,C00514,2025-12-09,Producto dañado
D01613,V007908,C01040,2025-09-27,Producto defectuoso
D01614,V007917,C00366,2025-01-24,Producto dañado
D01615,V007925,C00476,2025-09-19,Entrega tardía
D01616,V007929,C00471,2025-09-12,Producto defectuoso
D01617,V007930,C00300,2026-01-04,Producto defectuoso
D01618,V007931,C00320,2025-10-27,Entrega tardía
D01619,V007933,C00035,2025-12-08,Producto defectuoso
D01620,V007936,C00144,2025-05-17,Entrega tardía
D01621,V007937,C00854,2025-08-09,Entrega tardía
D01622,V007938,C00963,2025-07-31,Producto dañado
D01623,V007940,C01185,2025-11-11,Entrega tardía
D01624,V007941,C00916,2025-02-13,Producto dañado
D01625,V007942,C00041,2025-04-18,Producto incorrecto
D01626,V007944,C01191,2025-04-25,Entrega tardía
D01627,V007956,C00475,2025-06-14,Producto defectuoso
D01628,V007960,C00792,2025-04-21,Producto incorrecto
D01629,V007974,C00647,2025-03-28,Cambio de opinión
D01630,V007981,C00345,2025-08-27,Producto incorrecto
D01631,V007984,C00449,2026-01-22,Producto dañado
D01632,V007990,C00960,2025-11-07,Producto dañado
D01633,V007998,C00311,2025-04-04,Producto defectuoso
